slug;contract;kruispuntnummer;locatie;gemeente;objectnummer;fabrikant;vra_nummer;voltage;latitude;longitude
capelle-cap01;Capelle a/d IJssel;CAP01;Kralingseweg - Schenkelsedreef;Capelle a/d IJssel;OB00383549;KO Hartog;;42V;51,932624;4,567609
capelle-cap02a;Capelle a/d IJssel;CAP02A;A. v Rijckevorselweg - Oosterlengte - Beresteynl;Capelle a/d IJssel;OB00383562;KO Hartog;KH14445;42V;51,943074;4,60104
capelle-cap02b;Capelle a/d IJssel;CAP02B;Burg van Beresteijnlaan - sGravenweg;Capelle a/d IJssel;OB00383538;;;;51,943789;4,599881
capelle-cap03;Capelle a/d IJssel;CAP03;Burg van Beresteijnlaan - Schollevaartseweg;Capelle a/d IJssel;OB00383547;KO Hartog;KH14475;42V;51,949291;4,597092
capelle-cap04;Capelle a/d IJssel;CAP04;A. van Rijckevorselweg - Van Beethovenlaan;Capelle a/d IJssel;OB00383536;Dynniq;V90605;42V;51,919312;4,558339
capelle-cap05a;Capelle a/d IJssel;CAP05A;A. van Rijckevorselweg-Slotlaan;Capelle a/d IJssel;OB00383539;KO Hartog;KH14820;42V;51,930163;4,577651
capelle-cap05b;Capelle a/d IJssel;CAP05B;Schenkelsedreef - sGravenweg;Capelle a/d IJssel;OB00383550;KO Hartog;KH14835;42V;51,931155;4,576364
capelle-cap06;Capelle a/d IJssel;CAP06;Capelseweg - Zevensprong;Capelle a/d IJssel;OB00383552;KO Hartog;KH14490;42V;51,947677;4,568081
capelle-cap07;Capelle a/d IJssel;CAP07;Capelseweg - Bermweg;Capelle a/d IJssel;OB00383548;KO Hartog;KH14850;42V;51,937598;4,580011
capelle-cap08a;Capelle a/d IJssel;CAP08A;A. van Rijckevorselweg - Rivierweg;Capelle a/d IJssel;OB00383543;KO Hartog;KH14865;42V;51,933603;4,583831
capelle-cap08b;Capelle a/d IJssel;CAP08B;Kanaalweg - sGravenweg;Capelle a/d IJssel;OB00383545;KO Hartog;KH14880;42V;51,934661;4,582629
capelle-cap09;Capelle a/d IJssel;CAP09;A. van Rijckevorselweg - Couwenhoekseweg;Capelle a/d IJssel;OB00383546;KO Hartog;KH20790;42V;51,938082;4,592188
capelle-cap10;Capelle a/d IJssel;CAP10;A. van Rijckevorselweg - Klaas Klinkertkade;Capelle a/d IJssel;OB00383561;KO Hartog;KH14520;42V;51,944609;4,603443
capelle-cap11;Capelle a/d IJssel;CAP11;A. van Rijckevorselweg - IJsselmondselaan;Capelle a/d IJssel;OB00383563;KO Hartog;KH14535;42V;51,916479;4,553103
capelle-cap12;Capelle a/d IJssel;CAP12;Prins Alexanderlaan- sGravenweg;Capelle a/d IJssel;OB00383542;KO Hartog;KH14550;42V;51,926352;4,567265
capelle-cap13;Capelle a/d IJssel;CAP13;Capelseplein;Capelle a/d IJssel;OB00383541;KO Hartog;KH14735;42V;51,925029;4,568639
capelle-cap14;Capelle a/d IJssel;CAP14;Capelseweg - Lylantsebaan;Capelle a/d IJssel;OB00383555;Vialis;VT451347;42V;51,953285;4,563789
capelle-cap15;Capelle a/d IJssel;CAP15;Rivierweg - Fluiterlaan;Capelle a/d IJssel;OB00383544;Vialis;;42V;51,931361;4,58684
capelle-cap17;Capelle a/d IJssel;CAP17;Hoofdweg - Burg van Dijklaan;Capelle a/d IJssel;OB00383551;Vialis;VT451348;42V;51,952068;4,567008
capelle-cap18;Capelle a/d IJssel;CAP18;Hoofdweg - Capelseweg;Capelle a/d IJssel;OB00383553;Vialis;VT451349;42V;51,951222;4,565034
capelle-cap19;Capelle a/d IJssel;CAP19;Capelseweg - A20;Capelle a/d IJssel;OB00383565;Vialis;VT451350;42V;51,955745;4,562502
capelle-cap20;Capelle a/d IJssel;CAP20;A. van Rijckevorselweg - Riviaduct;Capelle a/d IJssel;OB00383560;KO Hartog;;42V;51,914324;4,546484
capelle-cap21;Capelle a/d IJssel;CAP21;Hoofdweg - Burg Schalijlaan;Capelle a/d IJssel;OB00383559;Vialis;VT600222;42V;51,959857;4,5844
capelle-cap22;Capelle a/d IJssel;CAP22;Hoofdweg - Molenbaan;Capelle a/d IJssel;OB00383556;Vialis;VT452157;42V;51,957939;4,580098
capelle-cap23;Capelle a/d IJssel;CAP23;Hoofdweg - Rietbaan;Capelle a/d IJssel;OB00383557;Vialis;VT452158;42V;51,956829;4,577631
capelle-cap24;Capelle a/d IJssel;CAP24;Hoofdweg - Schinkelsebaan;Capelle a/d IJssel;OB00383554;Vialis;VT452159;42V;51,953505;4,570355
capelle-cap25;Capelle a/d IJssel;CAP25;Hoofdweg - Vlierbaan;Capelle a/d IJssel;OB00383558;Vialis;VT452160;42V;51,955875;4,575516
capelle-cap26;Capelle a/d IJssel;CAP26;Algeraweg - Ketensedijk;Capelle a/d IJssel;OB00383540;Dynniq;V90160;42V;51,917697;4,57602
capelle-cap27;Capelle a/d IJssel;CAP27;Hoofdweg - Akeleibaan;Capelle a/d IJssel;OB19164835;KO Hartog;;42V;51,960961;4,586449
capelle-cap28;Capelle a/d IJssel;CAP28;Rivium Boulevard - Rivium Promenade;Capelle a/d IJssel;OB25001479;KO Hartog;KH19095;42V;51,907776;4,545972
delft-k001;Delft;K001;Westlandseweg - Beatrixlaan;Delft;OB00297922;Vialis;VT60-0153;;52,00111;4,348607
delft-k002;Delft;K002;Westlandseweg - Krakeelpolderweg;Delft;OB00297923;Vialis;VT60-0152;;52,00255;4,352911
delft-k003;Delft;K003;Papsouwselaan - Nijverheid straat;Delft;OB00297924;Swarco;200.468;;52,001248;4,354065
delft-k004;Delft;K004;Zuidwal - Westvest;Delft;OB00297925;Vialis;VT45-1359;;52,004958;4,358859
delft-k006;Delft;K006;Zuidwal - In de Veste;Delft;OB00297978;KO Hartog;KH18705;;52,007962;4,364194
delft-k007;Delft;K007;Oostplein;Delft;OB00297927;Swarco;200.287;;52,01087;4,369954
delft-k008;Delft;K008;Irene Boulevard - Nieuwe Gracht;Delft;OB20037088;;;;52,003596;4,356268
delft-k009;Delft;K009;Schoemakerstraat - Zuidplantsoen;Delft;OB00297928;;;;52,006015;4,372948
delft-k010;Delft;K010;Poortlandplein;Delft;OB00297929;Swarco;200.532;;52,00707;4,371235
delft-k011;Delft;K011;Mijnbouwplein;Delft;OB00297930;KO Hartog;KH18720;;52,006337;4,36761
delft-k013;Delft;K013;v. Miereveltlaan - M.Duystlaan;Delft;OB20000197;;;;52,01471;4,36707
delft-k017-018;Delft;K017-018;Vrijebanselaan - Brasserskade;Delft;OB00297934;Swarco;200.385;;52,021646;4,352298
delft-k019-080;Delft;K019-080;Kalverbos-Nieuwe Plantage-Wateringsevest-Noordeind;Delft;OB00297935;;;;52,017953;4,352383
delft-k020;Delft;K020;Wateringsevest - Kampveldweg;Delft;OB00297936;Vialis;VT45-1361;;52,015128;4,350132
delft-k021;Delft;K021;Phoenixstraat - Binnenwatersloot;Delft;OB00297937;Vialis;VT45-1362;;52,010068;4,355298
delft-k024;Delft;K024;Coenderstraat - Havenstraat;Delft;OB20036846;Vialis;VT45-1363;;52,009225;4,354478
delft-k026;Delft;K026;Westplantsoen - H. de Grootstraat;Delft;OB00297939;Vialis;VT45-1275;;52,006934;4,347467
delft-k029;Delft;K029;Mercuriusweg - Papsouwselaan;Delft;OB00297942;Siemens;728867;;51,999356;4,354889
delft-k030;Delft;K030;Delflandplein;Delft;OB00297943;Swarco;200.457;;51,997359;4,355436
delft-k032;Delft;K032;Schieweg - Kruithuisweg;Delft;OB00297945;Vialis;VT45-1274;;51,991133;4,368145
delft-k038;Delft;K038;V.O.P. Molen de Roos;Delft;OB00297946;Vialis;VT45-1364;;52,013496;4,351612
delft-k039;Delft;K039;V.O.P. Schoolstraat;Delft;OB00297947;Vialis;VT45-1365;;52,011974;4,353235
delft-k040;Delft;K040;Ruys de Beerenbrouckstraat;Delft;OB00297948;;;;52,013559;4,338369
delft-k041;Delft;K041;Westlandseweg - Buitenhofdreef;Delft;OB00297949;Swarco;200.614;;51,99966;4,344141
delft-k042;Delft;K042;Buitenhofdreef - M. Nijhoflaan - Griegstraat;Delft;OB00297983;Vialis;VT45-0976;;51,996292;4,345471
delft-k045;Delft;K045;Schoemakerstraat - de Hoeksteen;Delft;OB00297951;Swarco;200.696;;52,002353;4,376715
delft-k046;Delft;K046;Schoemakerstraat - Delftechpark;Delft;OB21016909;Vialis;VT45-0844;;51,996425;4,381465
delft-k047;Delft;K047;Schoemakerstraat - Aansluiting Kruithuisweg;Delft;OB20000153;Vialis;VT45-0842;;51,995065;4,382195
delft-k049;Delft;K049;V.O.P Voorhofdreef - Bilderdijkhof;Delft;OB00297952;Vialis;VT45-0817;;51,995704;4,355329
delft-k050;Delft;K050;V.O.P Voorhofdreef - H. Gorterhof;Delft;OB00297953;Vialis;VT45-0818;;51,993735;4,356277
delft-k051;Delft;K051;Voorhofdreef - Slauerhoflaan;Delft;OB00297954;Vialis;VT45-0889;;51,9909;4,357914
delft-k052;Delft;K052;Buitenhofdreef - Vrijheidslaan;Delft;OB00297955;Swarco;240.188;;51,987908;4,344822
delft-k053;Delft;K053;Buitenhofdreef - v-d Slootsingel;Delft;OB00297956;Vialis;VT45-0977;;51,990146;4,344726
delft-k056;Delft;K056;M.Nijhoflaan - Aart v-d Leeuwlaan;Delft;OB00297959;KO Hartog;KH15090;;51,996223;4,350487
delft-k060;Delft;K060;Poortweg - Staalweg;Delft;OB00297962;Vialis;VT45-0796;;52,011078;4,37531
delft-k061;Delft;K061;Poortweg aansluiting A13 Ikea;Delft;OB00297963;Vialis;VT60-0163;;52,01182;4,377988
delft-k062;Delft;K062;Rotterdamseweg - Jaffalaan;Delft;OB20037120;Swarco;201.038;;52,001995;4,366529
delft-k063;Delft;K063;Westlandseweg - Buitenwatersloot;Delft;OB00297964;KO Hartog;KH18735;;52,002857;4,341838
delft-k064;Delft;K064;Reinier de Graafweg - Bezoekersgarage;Delft;OB20087812;Swarco;200.613;;51,998419;4,340078
delft-k065;Delft;K065;Reinier de Graafweg - Parkeren personeel;Delft;OB20087813;Swarco;200.615;;51,997718;4,336046
delft-k066;Delft;K066;Reinier de Graafweg - Jan Thomeelaan;Delft;OB20087814;Swarco;200.610;;51,997272;4,333435
delft-k067;Delft;K067;Jaffalaan - Mekelweg;Delft;OB20036774;Swarco;201.040;;52,003014;4,370977
delft-k069-070;Delft;K069-070;Brasserskade - Sportring;Delft;OB00297965;;;;52,026882;4,361008
delft-k074;Delft;K074;Tanthofdreef - Forensenweg;Delft;OB00297967;Swarco;230.115;;51,989263;4,364984
delft-k077;Delft;K077;H.O.B - Kalfjeslaan;Delft;OB00297968;KO Hartog;KH15105;;51,987476;4,360046
delft-k078;Delft;K078;H.O.B - Vinkenlaan;Delft;OB00297986;KO Hartog;KH15121;;51,98352;4,362029
delft-k079;Delft;K079;H.O.B - Abtswoude;Delft;OB00297990;KO Hartog;KH15135;;51,982129;4,357097
delft-k081;Delft;K081;Sadatweg - Derde werelddreef;Delft;OB00297970;Vialis;VT45-0624;;51,985022;4,34467
delft-k082;Delft;K082;Sadatweg - Afrikalaan;Delft;OB00297993;Siemens;728989;;51,982825;4,341257
delft-k086;Delft;K086;V.O.P Derde Werelddreef;Delft;OB00297972;Swarco;201.029;;51,981316;4,347493
delft-k093;Delft;K093;V.O.P Nassaulaan t.h.v Prof. Krausstraat;Delft;OB00297974;;;;52,007016;4,378548
delft-k105;Delft;K105;PW 15 - Gist Brocades;Delft;OB00297976;Vialis;VT45-0797;;52,01432;4,337011
delft-k107;Delft;K107;Busoversteek PW 15 - C. v-d Lindenstraat;Delft;OB00297977;;;;52,010428;4,341064
den-haag-k000;Den Haag;K000;Diversen object;Den Haag;OB22001917;;;;52,077877;4,317278
den-haag-k002;Den Haag;K002;Elandstraat - Da Costastraat;Den Haag;OB21007949;Vialis;LTC8793;230V;52,079428;4,294523
den-haag-k004;Den Haag;K004;Wouwermanstraat - Vermeerstraat;Den Haag;OB21007950;Siemens;728113;230V;52,063313;4,307438
den-haag-k007;Den Haag;K007;Beeklaan vop;Den Haag;OB21007951;Vialis;VT451174;42V;52,073636;4,281477
den-haag-k008;Den Haag;K008;Westduinweg - Jan van Houtstraat;Den Haag;OB21007952;Vialis;VT450999;42V;52,094971;4,268972
den-haag-k010;Den Haag;K010;Laan van Meerdervoort - Tasmanstraat;Den Haag;OB21007953;Swarco;200-828;42V;52,083127;4,290188
den-haag-k013;Den Haag;K013;Paul Krugerlaan - Pretoriusstraat;Den Haag;OB21008001;Vialis;VT451129;42V;52,069636;4,287387
den-haag-k014;Den Haag;K014;Prins Willemplein;Den Haag;OB21008002;Swarco;200-675;42V;52,103662;4,276907
den-haag-k015;Den Haag;K015;Vaillantlaan - Verspronckstraat;Den Haag;OB21007954;Vialis;VT450277;42V;52,067477;4,303496
den-haag-k051;Den Haag;K051;Laan van Meerdervoort - Waldeck Pyrmontkade;Den Haag;OB21007955;Swarco;200-808;42V;52,081604;4,288008
den-haag-k052;Den Haag;K052;Laan van Meerdervoort - Anna Paulownastraat;Den Haag;OB21007956;Dynniq;V90742;42V;52,085911;4,298717
den-haag-k056;Den Haag;K056;Monstersestraat - 's-Gravenzandelaan;Den Haag;OB21008003;Vialis;VT450278;42V;52,070168;4,294145
den-haag-k057;Den Haag;K057;Valkenbosplein;Den Haag;OB21008006;Dynniq;V00830;42V;52,078482;4,277382
den-haag-k058;Den Haag;K058;Erasmusweg - Betje Wolffstraat;Den Haag;OB21008005;Dynniq;V90138;42V;52,047207;4,293513
den-haag-k061;Den Haag;K061;Van Alkemadelaan - Wassenaarseweg;Den Haag;OB21008009;Swarco;230-166;42V;52,095418;4,327672
den-haag-k062;Den Haag;K062;Mauritskade - Alexanderstraat;Den Haag;OB21008004;Vialis;VT451002;42V;52,084672;4,30663
den-haag-k064;Den Haag;K064;Erasmusweg - Anna Bijnslaan;Den Haag;OB21008007;Dynniq;V20130;42V;52,052478;4,302541
den-haag-k065;Den Haag;K065;Javastraat - Alexanderstraat;Den Haag;OB21008008;Dynniq;V90798;42V;52,08761;4,303031
den-haag-k066;Den Haag;K066;Laan van Meerdervoort - Zoutmanstraat;Den Haag;OB21007957;Swarco;200-829;42V;52,084168;4,292399
den-haag-k067;Den Haag;K067;Laan van Nieuw Oost-Indië - Schenkkade;Den Haag;OB21007958;Vialis;VT451128;42V;52,081155;4,343323
den-haag-k068;Den Haag;K068;Laan van Nieuw Oost-Indië - Bezuidenhoutsew;Den Haag;OB21007959;Dynniq;V20479;42V;52,088014;4,334713
den-haag-k069;Den Haag;K069;Willem Witsenplein;Den Haag;OB21008010;Swarco;200-740;42V;52,092388;4,330669
den-haag-k070;Den Haag;K070;Vaillantlaan - Hobbemastraat - Verspronckst;Den Haag;OB21007960;Vialis;VT450279;42V;52,06889;4,302378
den-haag-k071;Den Haag;K071;Van Alkemadelaan - Waalsdorperweg;Den Haag;OB21008012;Vialis;VT451003;42V;52,104147;4,317491
den-haag-k074;Den Haag;K074;Leeghwaterplein - Neherkade;Den Haag;OB21008011;Dynniq;V20088;42V;52,065021;4,323601
den-haag-k075;Den Haag;K075;Van Alkemadelaan - 'Frederikskazerne';Den Haag;OB21008013;Swarco;240-048;42V;52,106534;4,313831
den-haag-k076;Den Haag;K076;Scheveningseweg - Duinstraat;Den Haag;OB21008014;Swarco;V60186;42V;52,102369;4,278592
den-haag-k077;Den Haag;K077;Juliana van Stolberglaan - Louise Henriëtte;Den Haag;OB21008015;Dynniq;V90843;42V;52,082494;4,334763
den-haag-k078;Den Haag;K078;Laan van Meerdervoort - Goudenregenstraat;Den Haag;OB21007961;Dynniq;V90828;42V;52,074412;4,265929
den-haag-k079;Den Haag;K079;Rijswijkseweg - Jan van der Heijdenstraat;Den Haag;OB21007962;Swarco;200-305;42V;52,059774;4,335449
den-haag-k080;Den Haag;K080;Rijswijkseweg - Van Musschenbroekstraat;Den Haag;OB21007963;Dynniq;V90186;42V;52,065055;4,32957
den-haag-k081;Den Haag;K081;Laan van Nieuw Oost-Indië - Theresiastraat;Den Haag;OB21007964;Dynniq;V90790;42V;52,086261;4,337305
den-haag-k082;Den Haag;K082;Laan van Nieuw Oost-Indië - Juliana van Sto;Den Haag;OB21007965;Dynniq;V90791;42V;52,084156;4,339146
den-haag-k083;Den Haag;K083;Jonckbloetplein;Den Haag;OB21008016;Vialis;VT450944;230V;52,058692;4,32156
den-haag-k084;Den Haag;K084;Copernicusplein;Den Haag;OB21008017;Dynniq;V90139;42V;52,076147;4,275598
den-haag-k087;Den Haag;K087;Laan van Meerdervoort - Fahrenheitstraat;Den Haag;OB21007966;Dynniq;V90187;42V;52,076655;4,271757
den-haag-k090;Den Haag;K090;Laan van Nieuw Oost-Indië - Anna van Hannov;Den Haag;OB21007967;Vialis;VT450884;42V;52,080226;4,344397
den-haag-k093;Den Haag;K093;Spui - Amsterdamse Veerkade;Den Haag;OB21008956;Dynniq;V20460;42V;52,076093;4,318339
den-haag-k096;Den Haag;K096;Binckhorstlaan - Mercuriusweg;Den Haag;OB21008955;Vialis;VT600176;42V;52,069589;4,336741
den-haag-k097;Den Haag;K097;Binckhorstlaan - Maanweg;Den Haag;OB21009029;Dynniq;V90556;42V;52,062464;4,344366
den-haag-k099;Den Haag;K099;Melis Stokelaan - Vrederustlaan;Den Haag;OB21008954;Vialis;VT451117;42V;52,03959;4,266879
den-haag-k100;Den Haag;K100;Melis Stokelaan - Beresteinlaan;Den Haag;OB21009028;Vialis;VT450885;42V;52,036895;4,261213
den-haag-k101;Den Haag;K101;Vaillantlaan - Parallelweg - Waldorpstraat;Den Haag;OB21007968;Dynniq;V90189;42V;52,06333;4,313517
den-haag-k102;Den Haag;K102;Vaillantlaan - Parallelweg - Waldorpstraat;Den Haag;OB21008000;Dynniq;V90190;42V;52,063313;4,313544
den-haag-k103;Den Haag;K103;Vaillantlaan - Hoefkade;Den Haag;OB21007969;Vialis;VT450316;42V;52,065296;4,306497
den-haag-k104;Den Haag;K104;Vaillantlaan - Van der Vennestraat;Den Haag;OB21007970;Vialis;VT450317;42V;52,065999;4,304563
den-haag-k105;Den Haag;K105;Westduinweg - Duinstraat;Den Haag;OB21007971;Dynniq;V60180;42V;52,10147;4,273974
den-haag-k109;Den Haag;K109;De la Reyweg - Kempstraat;Den Haag;OB21008953;Dynniq;V90682;42V;52,063572;4,28965
den-haag-k111;Den Haag;K111;Meppelweg - Leyweg;Den Haag;OB21008952;Vialis;VT450886;42V;52,053597;4,270778
den-haag-k112;Den Haag;K112;Hoefkade - Koningstraat;Den Haag;OB21008951;Dynniq;V80003;230V;52,068817;4,31423
den-haag-k113;Den Haag;K113;Mauritskade - Louis Couperusplein;Den Haag;OB21008950;Dynniq;V20407;42V;52,085401;4,309111
den-haag-k114;Den Haag;K114;Piet Heinplein;Den Haag;OB21008949;Vialis;VT452083;42V;52,082764;4,301051
den-haag-k116;Den Haag;K116;Wassenaarseweg - Van Hogenhoucklaan;Den Haag;OB21008948;Dynniq;V90799;42V;52,093933;4,32375
den-haag-k118;Den Haag;K118;Loosduinseweg - Noorderbeekdwarsstraat;Den Haag;OB21007972;Dynniq;V20386;42V;52,069894;4,281463
den-haag-k120;Den Haag;K120;Laan Copes van Cattenburch - Bankastraat;Den Haag;OB21008947;Vialis;VT450962;42V;52,090776;4,304924
den-haag-k121;Den Haag;K121;Zoutmanstraat - Elandstraat;Den Haag;OB21008946;Dynniq;V90829;42V;52,080394;4,296965
den-haag-k122;Den Haag;K122;Meppelweg - Dedemsvaartweg;Den Haag;OB21009027;Dynniq;V90735;42V;52,050765;4,263551
den-haag-k123;Den Haag;K123;Laan van Meerdervoort - Zonnebloemstraat;Den Haag;OB21007973;Vialis;VT451329;42V;52,071303;4,256466
den-haag-k124;Den Haag;K124;Soestdijksekade - Vreeswijkstraat;Den Haag;OB21008945;Vialis;VT450997;42V;52,060992;4,282986
den-haag-k125;Den Haag;K125;Hoflandplein;Den Haag;OB21008944;Vialis;VT450998;42V;52,062714;4,301652
den-haag-k128;Den Haag;K128;Loosduinseweg - Noord West Buitensingel;Den Haag;OB21007974;Dynniq;V90479;42V;52,074153;4,296784
den-haag-k129;Den Haag;K129;Wassenaarseweg - Jozef Israëlsplein;Den Haag;OB21009026;Dynniq;V90831;42V;52,092294;4,319386
den-haag-k130;Den Haag;K130;Laan van Meerdervoort - Conradkade;Den Haag;OB21007975;Dynniq;V176005;42V;52,080842;4,283297
den-haag-k132;Den Haag;K132;Javastraat - Zeestraat;Den Haag;OB21008943;Vialis;VT030046;42V;52,086988;4,301285
den-haag-k134;Den Haag;K134;Burgemeester Patijnlaan - Carnegielaan;Den Haag;OB21008942;Vialis;VT451118;42V;52,087696;4,296126
den-haag-k135;Den Haag;K135;Prinsegracht - Jan Hendrikstraat;Den Haag;OB21008941;Dynniq;V60018;42V;52,075066;4,308279
den-haag-k137;Den Haag;K137;Vaillantplein;Den Haag;OB21008940;Vialis;VT451219;42V;52,07022;4,30048
den-haag-k138;Den Haag;K138;Prinsegracht - Brouwersgracht;Den Haag;OB21009025;Vialis;VT451354;42V;52,073774;4,304743
den-haag-k139;Den Haag;K139;Prinsegracht - Lijnbaan;Den Haag;OB21009024;Vialis;VT452094;42V;52,072544;4,30031
den-haag-k140;Den Haag;K140;Groot Hertoginnelaan - Carnegielaan;Den Haag;OB21008939;KO Hartog;KH21735;42V;52,085158;4,293326
den-haag-k145;Den Haag;K145;Middachtenweg - Guntersteinweg;Den Haag;OB21008938;Vialis;VT450662;42V;52,047361;4,30313
den-haag-k147;Den Haag;K147;Hengelolaan - Dedemsvaartweg;Den Haag;OB21008937;Vialis;VT451162;42V;52,047231;4,268299
den-haag-k148;Den Haag;K148;Loevesteinlaan - Hengelolaan;Den Haag;OB21008936;Swarco;200-789;42V;52,052396;4,27869
den-haag-k149;Den Haag;K149;Loevesteinlaan - Steenwijklaan;Den Haag;OB21009023;Dynniq;V60066;42V;52,046531;4,286936
den-haag-k150;Den Haag;K150;Mauritskade - Denneweg;Den Haag;OB21009022;Swarco;200-638;42V;52,086442;4,311619
den-haag-k151;Den Haag;K151;Zuiderparklaan - Apeldoornselaan;Den Haag;OB21008935;Vialis;VT452134;42V;52,065447;4,279314
den-haag-k152;Den Haag;K152;Driebergenstraat - Soestdijksekade;Den Haag;OB21008934;Dynniq;V90264;42V;52,061847;4,274048
den-haag-k155;Den Haag;K155;Escamplaan - Soestdijksekade;Den Haag;OB21008933;Dynniq;V90264;42V;52,063138;4,273262
den-haag-k157;Den Haag;K157;Monnikendamplein;Den Haag;OB21008932;Dynniq;V90266;42V;52,062167;4,271084
den-haag-k158;Den Haag;K158;Rijswijkseweg - Neherkade - Goudriaankade;Den Haag;OB21007976;Dynniq;V20153;42V;52,067406;4,329027
den-haag-k159;Den Haag;K159;Groot Hertoginnelaan - Koningin Emmakade;Den Haag;OB21009021;KO Hartog;KH21750;42V;52,085115;4,283114
den-haag-k161;Den Haag;K161;Groot Hertoginnelaan - Conradkade;Den Haag;OB21009020;Dynniq;V90268;42V;52,082337;4,27746
den-haag-k164;Den Haag;K164;Parallelweg - Jacob Catsstraat;Den Haag;OB21008931;Dynniq;V90553;42V;52,065959;4,314338
den-haag-k165;Den Haag;K165;Laan van Meerdervoort - Aaltje Noorderwiers;Den Haag;OB21007977;Dynniq;V60129;42V;52,062389;4,230556
den-haag-k168;Den Haag;K168;Kamperfoeliestraat - Mient;Den Haag;OB21008930;Vialis;FR900839;230V;52,070569;4,268122
den-haag-k171;Den Haag;K171;Beeklaan - Weimarstraat;Den Haag;OB21008929;Dynniq;V90632;42V;52,075506;4,280225
den-haag-k173;Den Haag;K173;Benoordenhoutseweg - Waalsdorperlaan;Den Haag;OB21008928;Dynniq;V90800;42V;52,099208;4,346543
den-haag-k175;Den Haag;K175;De Savornin Lohmanplein - Thorbeckelaan;Den Haag;OB21008927;Dynniq;40053;42V;52,067479;4,246118
den-haag-k176;Den Haag;K176;De Savornin Lohmanplein - Groen van Prinste;Den Haag;OB21009019;Dynniq;40054;42V;52,066935;4,244415
den-haag-k177;Den Haag;K177;Meppelweg - Bouwlustlaan - Zichtenburglaan;Den Haag;OB21009018;Swarco;200.859;42V;52,045595;4,255167
den-haag-k179;Den Haag;K179;De Savornin Lohmanlaan - Machiel Vrijenhoek;Den Haag;OB21008926;Dynniq;V90551;42V;52,072363;4,240774
den-haag-k180;Den Haag;K180;Van Alkemadelaan - Maurits de Brauwweg;Den Haag;OB21008925;Dynniq;V90736;42V;52,108538;4,308573
den-haag-k181;Den Haag;K181;Waldeck Pyrmontkade - Prins Hendrikstraat;Den Haag;OB21008924;Vialis;VT451119;42V;52,080514;4,289736
den-haag-k182;Den Haag;K182;Waldeck Pyrmontkade - Elandstraat - Chassés;Den Haag;OB21009017;Dynniq;V20392;42V;52,078509;4,292622
den-haag-k183;Den Haag;K183;Koningin Emmaplein;Den Haag;OB21008923;Vialis;VT450281;42V;52,076612;4,294835
den-haag-k184;Den Haag;K184;Kijkduinsestraat - Machiel Vrijenhoeklaan;Den Haag;OB21008922;Dynniq;V40052;42V;52,066381;4,22408
den-haag-k186;Den Haag;K186;Loosduinseweg - Gaslaan;Den Haag;OB21007978;Dynniq;V40029;42V;52,072134;4,288728
den-haag-k187;Den Haag;K187;Leyweg - Escamplaan;Den Haag;OB21008921;Vialis;VT451855;42V;52,058639;4,264136
den-haag-k188;Den Haag;K188;Leyweg - Florence Nightingaleweg;Den Haag;OB21009016;Dynniq;V60035;42V;52,055725;4,267377
den-haag-k189;Den Haag;K189;Hildebrandplein;Den Haag;OB21008920;Swarco;240189;42V;52,056045;4,311324
den-haag-k191;Den Haag;K191;Erasmusweg - Troelstrakade;Den Haag;OB21008919;Dynniq;V90743;42V;52,055174;4,307184
den-haag-k192;Den Haag;K192;Wassenaarseweg - Oostduinlaan;Den Haag;OB21009015;Dynniq;V90741;42V;52,091058;4,31584
den-haag-k193;Den Haag;K193;Erasmusweg - Loevesteinlaan;Den Haag;OB21009014;Vialis;VT451155;42V;52,045217;4,289251
den-haag-k195;Den Haag;K195;De la Reyweg - Dierenselaan;Den Haag;OB21009013;Dynniq;V90563;42V;52,067285;4,286799
den-haag-k198;Den Haag;K198;Erasmusweg - Beresteinlaan;Den Haag;OB21009012;Swarco;240.102;42V;52,033493;4,266656
den-haag-k200;Den Haag;K200;Erasmusweg - Leyweg;Den Haag;OB21009011;Vialis;VT450284;42V;52,042439;4,283967
den-haag-k201;Den Haag;K201;Bezuidenhoutseweg - Hofzichtlaan;Den Haag;OB21008918;Dynniq;V90548;42V;52,099108;4,35883
den-haag-k202;Den Haag;K202;Hofzichtlaan - Diamanthorst;Den Haag;OB21008917;Vialis;VT030115;42V;52,096757;4,36119
den-haag-k203;Den Haag;K203;Hofzichtlaan - Het Kleine Loo;Den Haag;OB21009010;Vialis;VT450285;42V;52,094194;4,363349
den-haag-k204;Den Haag;K204;Hofzichtlaan - Aegonplein - Finnenburg;Den Haag;OB21009009;Dynniq;V50071;42V;52,091503;4,365892
den-haag-k206;Den Haag;K206;Calandplein - Neherkade;Den Haag;OB21008916;Swarco;204.211;42V;52,061119;4,316416
den-haag-k207;Den Haag;K207;Lorentzplein;Den Haag;OB21008915;Dynniq;V90631;42V;52,060866;4,328031
den-haag-k210;Den Haag;K210;Hobbemaplein;Den Haag;OB21008914;Dynniq;V90192;42V;52,066846;4,297277
den-haag-k212;Den Haag;K212;Kempstraat - Schalk Burgerstraat;Den Haag;OB21008913;Dynniq;V90801;42V;52,065254;4,29348
den-haag-k213;Den Haag;K213;Van Alkemadelaan - Ruychrocklaan;Den Haag;OB21009008;Dynniq;V90744;42V;52,100731;4,321435
den-haag-k214;Den Haag;K214;Javastraat - Frederikstraat;Den Haag;OB21009007;KO Hartog;KH16125;42V;52,088979;4,309342
den-haag-k215;Den Haag;K215;Parallelweg - Fruitweg;Den Haag;OB21009006;;;;52,061567;4,308076
den-haag-k216;Den Haag;K216;Fruitweg - Viaduktweg;Den Haag;OB21008912;Vialis;VT450942;42V;52,058899;4,30632
den-haag-k217;Den Haag;K217;Troelstrakade - Fruitweg;Den Haag;OB21008911;Dynniq;V90802;42V;52,056572;4,302414
den-haag-k218;Den Haag;K218;Melis Stokelaan - Anna Bijnslaan;Den Haag;OB21009005;Dynniq;V90803;42V;52,055609;4,299728
den-haag-k219;Den Haag;K219;Melis Stokelaan - Moerweg;Den Haag;OB21009004;Vialis;VT450946;42V;52,05439;4,296595
den-haag-k221;Den Haag;K221;Melis Stokelaan - Loevesteinlaan;Den Haag;OB21009003;Vialis;VT600225;42V;52,048464;4,283981
den-haag-k223;Den Haag;K223;Melis Stokelaan - Dedemsvaartweg;Den Haag;OB21009002;Dynniq;V20412;42V;52,04324;4,273993
den-haag-k224;Den Haag;K224;Javastraat - Nassauplein;Den Haag;OB21009001;Dynniq;V90830;42V;52,088669;4,306672
den-haag-k225;Den Haag;K225;Erasmusplein;Den Haag;OB21008910;Dynniq;V60215;42V;52,050107;4,298867
den-haag-k229;Den Haag;K229;Sportlaan - Daal en Bergselaan;Den Haag;OB21008909;Dynniq;V90792;42V;52,076559;4,250715
den-haag-k230;Den Haag;K230;Loosduinseweg - Monstersestraat - Asmanweg;Den Haag;OB21007979;Vialis;VT600154;42V;52,072799;4,291538
den-haag-k232;Den Haag;K232;Almeloplein;Den Haag;OB21008908;Dynniq;V90804;42V;52,056794;4,275383
den-haag-k234;Den Haag;K234;Loosduinseweg - Regentesselaan - Apeldoorns;Den Haag;OB21007980;Dynniq;1750125;42V;52,070675;4,284351
den-haag-k236;Den Haag;K236;Jurriaan Kokstraat - Marcelisstraat;Den Haag;OB21008907;Dynniq;V90793;42V;52,105574;4,277232
den-haag-k237;Den Haag;K237;Thorbeckelaan - Appelstraat;Den Haag;OB21008906;Vialis;VT451160;42V;52,064576;4,252881
den-haag-k238;Den Haag;K238;Veluweplein - Moerweg;Den Haag;OB21008905;Dynniq;V90323;42V;52,059421;4,292363
den-haag-k240;Den Haag;K240;Jan van der Heijdenstraat - Pasteurstraat;Den Haag;OB21008904;Vialis;VT451288;42V;52,05999;4,331329
den-haag-k241;Den Haag;K241;Vaillantlaan - Frans Halsstraat;Den Haag;OB21007981;Dynniq;V60053;42V;52,064388;4,309319
den-haag-k243;Den Haag;K243;Benoordenhoutseweg - Laan van Clingendael;Den Haag;OB21009000;Vialis;VT450943;42V;52,094279;4,335159
den-haag-k244;Den Haag;K244;Gevers Deynootweg - Zwolsestraat;Den Haag;OB21008903;Swarco;200334;42V;52,114544;4,284956
den-haag-k245;Den Haag;K245;Gevers Deynootplein - Kurhausweg - Circuspl;Den Haag;OB21008902;Dynniq;V90805;42V;52,112505;4,283035
den-haag-k246;Den Haag;K246;Gevers Deynootweg - Rotterdamsestraat;Den Haag;OB21008999;Vialis;VT450947;42V;52,110882;4,280399
den-haag-k247;Den Haag;K247;Schedeldoekshaven - Nieuwe Haven;Den Haag;OB21008901;Dynniq;V90550;42V;52,077326;4,320279
den-haag-k249;Den Haag;K249;Schenkkade - Wilhelmina van Pruisenweg;Den Haag;OB21008900;Vialis;VT451290;42V;52,079862;4,340651
den-haag-k250;Den Haag;K250;Maanweg - Regulusweg;Den Haag;OB21008899;Dynniq;V20211;42V;52,067514;4,353322
den-haag-k251;Den Haag;K251;Monsterseweg - ' Parnassia';Den Haag;OB21008898;Vialis;VT451176;42V;52,046161;4,210141
den-haag-k253;Den Haag;K253;Maanweg-Melkwegstraat;Den Haag;OB21008998;Vialis;VT451319;42V;52,065833;4,349997
den-haag-k254;Den Haag;K254;Scheveningseweg - Frankenslag - Kanaalweg;Den Haag;OB21008897;Dynniq;V20474;42V;52,100006;4,281546
den-haag-k255;Den Haag;K255;Sportlaan - Nieboerweg;Den Haag;OB21008997;Dynniq;V90737;42V;52,080317;4,260268
den-haag-k257;Den Haag;K257;Van Alkemadelaan - Pompstationsweg;Den Haag;OB21008996;Vialis;VT451001;42V;52,110443;4,304077
den-haag-k258;Den Haag;K258;Erasmusweg - Vrederustlaan;Den Haag;OB21008995;Dynniq;V80430;230V;52,035869;4,271344
den-haag-k260;Den Haag;K260;Escamplaan - Dedemsvaartweg;Den Haag;OB21008994;Vialis;VT451120;42V;52,054047;4,25683
den-haag-k261;Den Haag;K261;Houtwijklaan - Architect Berlagelaan;Den Haag;OB21008896;Vialis;VT450996;42V;52,055154;4,254629
den-haag-k262;Den Haag;K262;Houtwijklaan - Hildo Kroplaan;Den Haag;OB21008993;;;;52,05605;4,251109
den-haag-k263;Den Haag;K263;Escamplaan - Zichtenburglaan;Den Haag;OB21008992;;;;52,048684;4,249072
den-haag-k264;Den Haag;K264;Azaleaplein;Den Haag;OB21008895;;;;52,073327;4,262118
den-haag-k266;Den Haag;K266;Zwolsestraat - Harstenhoekweg;Den Haag;OB21008894;;;;52,113003;4,29346
den-haag-k269;Den Haag;K269;Leyweg - Busstation Leyenburg;Den Haag;OB21008991;Vialis;VT450887;42V;52,057691;4,265298
den-haag-k270;Den Haag;K270;Erasmusweg - Dedemsvaartweg;Den Haag;OB21008990;Swarco;200165;42V;52,040316;4,279882
den-haag-k271;Den Haag;K271;Laan van Wateringseveld - Noordweg;Den Haag;OB21007982;Dynniq;V90387;230V;52,035337;4,283592
den-haag-k272;Den Haag;K272;Laan van Wateringseveld - Oosteinde;Den Haag;OB21007983;Dynniq;V20417;42V;52,027357;4,289232
den-haag-k273;Den Haag;K273;Laan van Wateringseveld - Middenweg;Den Haag;OB21007984;Dynniq;V600590;42V;52,020284;4,296994
den-haag-k275;Den Haag;K275;Noord West Buitensingel - Zamenhofstraat;Den Haag;OB21008893;Vialis;VT451771;42V;52,074979;4,295711
den-haag-k276;Den Haag;K276;Laan van Meerdervoort - Ockenburghstraat;Den Haag;OB21007985;Swarco;200.172;42V;52,061299;4,226497
den-haag-k279;Den Haag;K279;Statenlaan - Van Boetzelaerlaan;Den Haag;OB23026328;Swarco;230.017;42V;52,096222;4,271177
den-haag-k280;Den Haag;K280;Statenlaan - Frederik Hendriklaan;Den Haag;OB21008892;Dynniq;V90795;42V;52,092731;4,275816
den-haag-k281;Den Haag;K281;Prins Bernhardviadukt - Busplatform station;Den Haag;OB21008891;Vialis;VT451542;42V;52,079857;4,32639
den-haag-k284;Den Haag;K284;Vreeswijkstraat - Renswoudelaan;Den Haag;OB21008890;Vialis;VT451000;42V;52,059304;4,278987
den-haag-k285;Den Haag;K285;De Genestetlaan - Paets van Troostwijkstraa;Den Haag;OB21008889;Dynniq;V20403;42V;52,055714;4,324702
den-haag-k288;Den Haag;K288;Het Kleine Loo - Reigersbergerweg;Den Haag;OB21008888;Dynniq;V20378;42V;52,089785;4,353947
den-haag-k289;Den Haag;K289;Beethovenlaan - Pisuissestraat;Den Haag;OB21007986;Dynniq;V601270;42V;52,057803;4,227708
den-haag-k291;Den Haag;K291;Apeldoornselaan - Dierenselaan;Den Haag;OB21007987;Swarco;V600540;42V;52,066307;4,281756
den-haag-k292;Den Haag;K292;Dedemsvaartweg - Zuidwoldestraat;Den Haag;OB21008851;;;;52,051173;4,262443
den-haag-k294;Den Haag;K294;Laan van Meerdervoort - Regentesselaan;Den Haag;OB21007988;Dynniq;V150232;42V;52,080439;4,28238
den-haag-k295;Den Haag;K295;Calandstraat - Van der kunstraat;Den Haag;OB21008887;Vialis;VT450286;42V;52,062693;4,314109
den-haag-k301;Den Haag;K301;Schenkkade - Schenkviaduct - Utrechtsebaan;Den Haag;OB21008989;Dynniq;V90806;42V;52,077631;4,335657
den-haag-k302;Den Haag;K302;Juliana van Stolberglaan - Utrechtsebaan;Den Haag;OB21008886;Dynniq;V90392;42V;52,081272;4,330455
den-haag-k303;Den Haag;K303;Prins Clauslaan - Theresiastraat;Den Haag;OB21008885;Vialis;VT450940;42V;52,082287;4,328601
den-haag-k304;Den Haag;K304;Bezuidenhoutseweg - Prins Clauslaan;Den Haag;OB21008988;Dynniq;V90454;42V;52,084041;4,326646
den-haag-k305;Den Haag;K305;Benoordenhoutseweg - Boslaan;Den Haag;OB21008987;Dynniq;V90275;42V;52,088192;4,320796
den-haag-k306;Den Haag;K306;Schenkkade - Prinses Beatrixlaan;Den Haag;OB21008986;Dynniq;V40057;42V;52,078196;4,336934
den-haag-k307;Den Haag;K307;Juliana van Stolberglaan - Prinses Beatrixl;Den Haag;OB21008985;Vialis;VT451004;42V;52,082066;4,332811
den-haag-k308;Den Haag;K308;Prinses Beatrixlaan - Prinses Marijkestraat;Den Haag;OB21008884;Swarco;200.667;42V;52,079925;4,334787
den-haag-k310;Den Haag;K310;Laan van Delfvliet - Afrit A4 Zuid;Den Haag;OB21007989;Vialis;VT600164;42V;52,04176;4,351042
den-haag-k327;Den Haag;K327;Westvlietweg - Wijkerbrug;Den Haag;OB21008883;Dynniq;V20469;42V;52,072875;4,377361
den-haag-k328;Den Haag;K328;Westvlietweg - Kerkbrug;Den Haag;OB21008984;Dynniq;V20470;42V;52,066224;4,366184
den-haag-k331;Den Haag;K331;Oude Middenweg - Pijlkruidveld;Den Haag;OB21008882;Dynniq;V60052;42V;52,072309;4,400493
den-haag-k332;Den Haag;K332;Zoetermeerse Rijweg - Loire;Den Haag;OB21008881;Vialis;VT451298;42V;52,07105;4,399055
den-haag-k334;Den Haag;K334;Zoetermeerse Rijweg - Pijlkruidveld;Den Haag;OB21008983;Vialis;VT451299;42V;52,066129;4,401777
den-haag-k335;Den Haag;K335;Zoetermeerse Rijweg - Spieringdam;Den Haag;OB21008982;Vialis;VT451303;42V;52,061928;4,405993
den-haag-k337;Den Haag;K337;Donau - Laan van Leidschenveen;Den Haag;OB21008880;Dynniq;V90832;42V;52,058247;4,391439
den-haag-k340;Den Haag;K340;Jan Thijssenweg - Drievliet;Den Haag;OB21008879;Dynniq;V90633;42V;52,056517;4,348388
den-haag-k341;Den Haag;K341;Laan van Delfvliet - Oprit A4 Noord;Den Haag;OB21007990;Vialis;VT451005;42V;52,04602;4,349657
den-haag-k345;Den Haag;K345;Poortweg - Rijswijkse Waterweg;Den Haag;OB21008878;Swarco;200-753;42V;52,029051;4,361416
den-haag-k346;Den Haag;K346;Rijswijkse Landingslaan - Singel;Den Haag;OB21008877;Vialis;VT451300;42V;52,031712;4,357084
den-haag-k348;Den Haag;K348;Laan van Hoornwijck - Laan van 's-Gravenmad;Den Haag;OB21007991;Vialis;VT600162;42V;52,048242;4,353973
den-haag-k351;Den Haag;K351;Laan van Hoornwijck - Laan van Ypenburg;Den Haag;OB21007992;Vialis;VT451189;42V;52,044461;4,360947
den-haag-k352;Den Haag;K352;Laan van Hoornwijck - Ypenburgse Boslaan;Den Haag;OB21007993;Vialis;VT451190;42V;52,042751;4,36417
den-haag-k353;Den Haag;K353;Nootdorpse Landingslaan - Laan van Nootdorp;Den Haag;OB21008876;Vialis;VT451206;42V;52,049779;4,385861
den-haag-k354;Den Haag;K354;Laan van Nootdorp - Weidevogellaan;Den Haag;OB21007994;Vialis;VT451207;42V;52,051087;4,384812
den-haag-k355;Den Haag;K355;Laan van Nootdorp - Ypenburgse Boslaan;Den Haag;OB21007995;Vialis;VT451112;42V;52,052602;4,383896
den-haag-k356;Den Haag;K356;Ypenburgse Stationsweg - Laan van Leidschen;Den Haag;OB21008875;Vialis;VT450833;42V;52,054893;4,388278
den-haag-k357;Den Haag;K357;Ypenburgse Stationsweg - Katschiplaan;Den Haag;OB21008981;Vialis;VT450834;42V;52,054663;4,391002
den-haag-k358;Den Haag;K358;Ypenburgse Stationsweg - Fregatsingel;Den Haag;OB21008980;Vialis;VT450835;42V;52,054451;4,393219
den-haag-k359;Den Haag;K359;Ypenburgse Stationsweg - Afrit A12;Den Haag;OB21008979;Vialis;VT450836;42V;52,053402;4,39793
den-haag-k360;Den Haag;K360;Viaduct afrit A12 Nootdorp;Den Haag;OB21009030;KO Hartog;KH21780;42V;52,053768;4,400471
den-haag-k361;Den Haag;K361;Brasserhoutweg - Dwarskade;Den Haag;OB21008874;Dynniq;V90555;42V;52,035683;4,390933
den-haag-k401;Den Haag;K401;Koningskade - Korte Voorhout;Den Haag;OB21008873;Vialis;VT450941;42V;52,083323;4,317864
den-haag-k402;Den Haag;K402;Koningskade - Zuid Hollandlaan;Den Haag;OB21008978;Vialis;VT451123;42V;52,085583;4,315677
den-haag-k403;Den Haag;K403;Koningskade - Dr. Kuyperstraat;Den Haag;OB21008977;Vialis;VT451153;42V;52,087383;4,314213
den-haag-k404;Den Haag;K404;Koningskade - Javastraat;Den Haag;OB21008976;Vialis;VT451049;42V;52,089834;4,312198
den-haag-k405;Den Haag;K405;Raamweg - Laan Copes van Cattenburch;Den Haag;OB21008872;Vialis;VT600148;42V;52,092509;4,310051
den-haag-k406;Den Haag;K406;Plesmanweg - Waalsdorperweg;Den Haag;OB21008871;Swarco;V601840;42V;52,096478;4,307089
den-haag-k408;Den Haag;K408;Bezuidenhoutseweg - Rijnstraat;Den Haag;OB21008975;Vialis;VT451301;42V;52,082073;4,322067
den-haag-k409;Den Haag;K409;Lekstraat - Schedeldoekshaven;Den Haag;OB21008870;Vialis;VT451159;42V;52,079356;4,324845
den-haag-k410;Den Haag;K410;Lekstraat - Merwedestraat;Den Haag;OB21008974;Vialis;VT452154;42V;52,076567;4,328301
den-haag-k411;Den Haag;K411;Binckhorstlaan - 'Centrale werkplaats KPN';Den Haag;OB21008973;Vialis;VT452155;42V;52,073502;4,332321
den-haag-k412;Den Haag;K412;Binckhorstlaan - Weteringkade;Den Haag;OB21008972;Vialis;VT452156;42V;52,075488;4,329546
den-haag-k413;Den Haag;K413;George Maduroplein;Den Haag;OB21008869;Swarco;V601850;42V;52,099088;4,300424
den-haag-k414;Den Haag;K414;Bickhorstlaan-Supernovaweg;Den Haag;OB21008868;Vialis;VT451225;42V;52,0722;4,334149
den-haag-k415;Den Haag;K415;Supernovaweg - Mercuriusweg;Den Haag;OB21008867;Vialis;VT451226;42V;52,071382;4,343601
den-haag-k416;Den Haag;K416;Supernovaweg - Regulusweg - Zonweg;Den Haag;OB21008866;Swarco;200.180;42V;52,069694;4,348483
den-haag-k420;Den Haag;K420;Margaretha van Hennebergweg - Kraayensteinl;Den Haag;OB21008865;Vialis;VT451413;42V;52,049168;4,237868
den-haag-k421;Den Haag;K421;Lippe-Biesterfeldweg - Kapelaan Meereboerwe;Den Haag;OB21008864;Vialis;VT451289;42V;52,050921;4,238262
den-haag-k422;Den Haag;K422;Loosduinse Hoofdstraat - Lisztstraat;Den Haag;OB21008863;Swarco;200-811;42V;52,055167;4,2412
den-haag-k424;Den Haag;K424;Oude Haagweg - Groen van Prinstererlaan;Den Haag;OB21008862;Vialis;VT451046;42V;52,057584;4,249303
den-haag-k426;Den Haag;K426;Oude Haagweg - Thorbeckelaan;Den Haag;OB21008971;Swarco;V602260;42V;52,062727;4,259571
den-haag-k429;Den Haag;K429;Loosduinseweg - Soestdijksekade;Den Haag;OB21007996;Vialis;VT451161;42V;52,066852;4,27038
den-haag-k430;Den Haag;K430;Loosduinseweg - Zuiderparklaan;Den Haag;OB21007997;Swarco;230-004;42V;52,068712;4,276282
den-haag-k431;Den Haag;K431;Loosduinseweg - Fahrenheitstraat;Den Haag;OB21007998;Dynniq;V20522;42V;52,069481;4,279644
den-haag-k501;Den Haag;K501;Ockenburghstraat - Beethovenlaan;Den Haag;OB21008861;Swarco;V60127;42V;52,057559;4,226608
den-haag-k502;Den Haag;K502;Loosduinse Hoofdstraat - Ockenburghstraat;Den Haag;OB21008970;Dynniq;V90796;42V;52,051882;4,229381
den-haag-k503;Den Haag;K503;Escamplaan - De Werf;Den Haag;OB21008969;Vialis;VT452199;42V;52,0438;4,242035
den-haag-k504;Den Haag;K504;Lozerlaan - Escamplaan;Den Haag;OB21008860;Vialis;VT450288;42V;52,042333;4,23997
den-haag-k505;Den Haag;K505;Nieuweweg - Madepolderweg;Den Haag;OB21008859;Dynniq;V90797;42V;52,039744;4,235733
den-haag-k556;Den Haag;K556;Lozerlaan - Meppelweg;Den Haag;OB21008968;Vialis;VT452201;42V;52,04015;4,246006
den-haag-k557;Den Haag;K557;Lozerlaan - Hengelolaan;Den Haag;OB21008967;Vialis;VT452202;42V;52,038076;4,251197
den-haag-k558;Den Haag;K558;Lozerlaan - 'Cirkelflat';Den Haag;OB21008966;Vialis;VT450291;42V;52,034864;4,254614
den-haag-k559;Den Haag;K559;Lozerlaan - Melis Stokelaan;Den Haag;OB21008965;Vialis;VT450292;42V;52,033693;4,255846
den-haag-k560;Den Haag;K560;Lozerlaan - 'Sterflat';Den Haag;OB21008964;Vialis;VT450293;42V;52,031642;4,257771
den-haag-k561;Den Haag;K561;Lozerlaan - Erasmusweg;Den Haag;OB21008963;;;;52,030152;4,258468
den-haag-k601;Den Haag;K601;Rijswijkseplein;Den Haag;OB21008858;;;;52,072948;4,324472
den-haag-k602;Den Haag;K602;Spaarneplein;Den Haag;OB21008857;;;;52,073677;4,326421
den-haag-k603;Den Haag;K603;Rijswijkseweg - Waldorpstraat - Van Leeuwen;Den Haag;OB21007999;;;;52,069906;4,326051
den-haag-k701;Den Haag;K701;Johan de Wittlaan - Adriaan Goekooplaan;Den Haag;OB21008856;;;;52,091622;4,28396
den-haag-k702;Den Haag;K702;Johan de Wittlaan - President Kennedylaan;Den Haag;OB21008962;;;;52,089171;4,283262
den-haag-k703;Den Haag;K703;President Kennedylaan - Stadhouderslaan;Den Haag;OB21008855;;;;52,087575;4,279933
den-haag-k704;Den Haag;K704;Houtrustweg - President Kennedylaan - Conra;Den Haag;OB21008854;;;;52,085619;4,274161
den-haag-k706;Den Haag;K706;Segbroeklaan - Fahrenheitstraat;Den Haag;OB21008853;;;;52,081034;4,267364
den-haag-k707;Den Haag;K707;Segbroeklaan - Goudenregenstraat;Den Haag;OB21008961;;;;52,079127;4,261644
den-haag-k708;Den Haag;K708;President Kennedylaan - Aart van der Goesst;Den Haag;OB21008960;;;;52,087239;4,278359
den-haag-k709;Den Haag;K709;Johan De Wittlaan - Churchillplein;Den Haag;OB21008959;;;;52,093437;4,284781
den-haag-k711;Den Haag;K711;Scheveningsweg - Professor B. M. Teldersweg;Den Haag;OB21008957;;;;52,095504;4,286414
den-haag-k911;Den Haag;K911;Brandweerkazerne Forepark;Den Haag;OB21008852;;;;52,056086;4,395546
den-haag-k990;Den Haag;K990;Wassenaarseweg - Johannes Bilderstraat;Den Haag;OB21008958;;;;52,093219;4,3219
gouda-k001;Gouda;K001;Nieuwe Gouwe O.Z. - Hanzeweg;Gouda;OB21026546;Swarco;200.423;42V;52,02275;4,674562
gouda-k003;Gouda;K003;Burg. van Reenensingel - Goudse Poort;Gouda;OB21026547;Vialis;VT450430;;52,021991;4,683526
gouda-k004;Gouda;K004;Burg. Jamessingel - Nieuwe Gouwe O.Z. - Goudse Poort;Gouda;OB21026548;Swarco;200.114;42V;52,020037;4,683451
gouda-k005;Gouda;K005;Burg. Jamessingel - Dreef;Gouda;OB21026549;Vialis;VT450582;42V;52,018663;4,698336
gouda-k006-1;Gouda;K006-1;Burg. van Reenensingel - Ridder van Catsweg;Gouda;OB21026550;Swarco;200.072;42V;52,027989;4,705625
gouda-k006-2;Gouda;K006-2;Burg. van Reenensingel - Bloemendaalseweg (fp;Gouda;OB21026551;Swarco;200.072;42V;52,027088;4,702675
gouda-k008;Gouda;K008;Thorbeckeln - Bleulandweg - W. de Zwijgersgl - Statensgl;Gouda;OB21026552;Vialis;VT450774;42V;52,020668;4,709233
gouda-k009;Gouda;K009;Bleulandweg - Büchnerweg;Gouda;OB21026553;Vialis;VT450757;42V;52,020378;4,704142
gouda-k010;Gouda;K010;Burg. Jamessgl - A. Plesmanpl - Statensgl - Gr. Floriswg;Gouda;OB21026554;Vialis;VT450583;;52,018402;4,709232
gouda-k011;Gouda;K011;Burg. v Reenensgl - Goudse Houtsgl - Bodegraafsestr.we;Gouda;OB21026555;Vialis;VT450176;42V;52,026212;4,717612
gouda-k013;Gouda;K013;Burg. Jamessingel - Hazepad (fp;Gouda;OB21026556;Swarco;200.105;42V;52,018364;4,706477
gouda-k016;Gouda;K016;Zuid. Zwartewaterweg - Gr. Florisweg - W. Venteweg - Ach;Gouda;OB21026557;Vialis;FR940031;42V;52,018469;4,722473
gouda-k017;Gouda;K017;Bodegraafsestraatweg - Watergraspad;Gouda;OB21026558;Swarco;200.068;42V;52,031784;4,719488
gouda-k018;Gouda;K018;Steijnpad - Zuidelijke Zwarteweg;Gouda;OB21026559;Vialis;FR940031;;52,017195;4,722795
gouda-k020;Gouda;K020;Burg. v Reenensgl - Plaswijckweg - Gr. v Prinsterersgl;Gouda;OB21026560;Swarco;200.073;42V;52,028299;4,713226
gouda-k023;Gouda;K023;Burg. van Reenensgl - Groenhovenweg - Burg. Mijssgl;Gouda;OB21026561;Vialis;VT450431;42V;52,02246;4,693373
gouda-k048;Gouda;K048;Nieuwe Gouwe O.Z. - Meridiaan;Gouda;OB21026562;Swarco;200.296;42V;52,01557;4,684551
gouda-k049;Gouda;K049;Nieuwe Gouwe O.Z. - Keerkring;Gouda;OB21026563;Swarco;200.284;42V;52,014949;4,688295
gouda-k050;Gouda;K050;Nieuwe Gouwe O.Z. - Energieweg;Gouda;OB21026564;Vialis;VT450496;;52,015103;4,690862
gouda-k051;Gouda;K051;Nieuwe Gouwe O.Z. - Industriestraat - Steve Bikobrug;Gouda;OB21026565;Vialis;VT450201;42V;52,015123;4,693812
gouda-k052;Gouda;K052;Spoorstraat - Kleiwegplein - Blekersingel - Kattensingel;Gouda;OB21026566;Vialis;VT451823;42V;52,015619;4,709554
gouda-k053;Gouda;K053;Joubertstr - Voorwillensewg - Zuidelijke Zwartewaterwg;Gouda;OB21026567;Swarco;200.083;42V;52,014908;4,723501
gouda-k054;Gouda;K054;Blekerssgl - Fluwelensgl - L. Tiendeweg - Karnemelksloot;Gouda;OB21026568;Swarco;200.064;42V;52,01247;4,715224
gouda-k055;Gouda;K055;Nieuwe Gouwe O.Z. - Wachtelstr - Kattensgl - Bolwerk;Gouda;OB21026569;Swarco;200.081;42V;52,011671;4,702763
gouda-k056;Gouda;K056;Blekersingel - Schouwburglaan;Gouda;OB21026570;Swarco;200.059;42V;52,015162;4,711426
gouda-k057;Gouda;K057;Fluwelensgl - Doelenstr - Burg. Martensstr-Doelenbrug;Gouda;OB21026571;Swarco;200.088;42V;52,00948;4,715972
gouda-k058;Gouda;K058;Schielands Hoge Zeedijk - Inrit - uitrit Croda;Gouda;OB21026572;Swarco;200.210;42V;52,006001;4,711318
gouda-k059;Gouda;K059;Nw Veerstal - Schielands Hoge Zeedijk - Veerstal - Oosth;Gouda;OB21026573;Siemens;722697;230V;52,007028;4,713721
gouda-k060;Gouda;K060;Fluwelensgl - Nw Veerstal - Goejanverwelledijk;Gouda;OB21026574;Vialis;FR900860;;52,007132;4,718042
gouda-k061;Gouda;K061;Goejanverwelledijk - Nw. Veerstal - Haastrechtsebrug;Gouda;OB21026575;Vialis;FR900860;;52,00701;4,720923
gouda-k062;Gouda;K062;Rotterdamseweg - Kon. Wilhelminaweg - Hoefbladstr-Rott;Gouda;OB21026576;Swarco;200.060;42V;52,000545;4,698265
gouda-k65-1;Gouda;K65-1;Goverwellesingel - Componistenlaan - Ouverturelaan;Gouda;OB21026577;Swarco;200.086;42V;52,013024;4,743655
gouda-k65-2;Gouda;K65-2;Goverwellesingel - Voorwillenseweg (fp);Gouda;OB21026578;Swarco;200.086;42V;52,012162;4,743988
gouda-k066;Gouda;K066;Goverwellesgl - Vrijenhoefpolderweg - Poldermolendreef;Gouda;OB21026579;Swarco;200.063;42V;52,010092;4,74645
gouda-k067;Gouda;K067;Goverwellesingel - Lakerpolderplein;Gouda;OB21026580;Swarco;200.056;42V;52,007952;4,746573
gouda-k068;Gouda;K068;Goverwellesgl - Wilhelmina v Pruisenln - Middenmolenln;Gouda;OB21026581;Swarco;200.071;42V;52,006063;4,744881
htm-h32001712;HTM;H32001712;A. Petersweg;'s-Gravenhage;OB22088139;;;;;
htm-h32001712-10595;HTM;H32001712-10595;A. Petersweg;'s-Gravenhage;OB22088138;;;;;
htm-h32001812-10329;HTM;H32001812-10329;Aaltje noorderwierstr;'s-Gravenhage;OB19162998;;;;52,05879;4,232652
htm-h32001813-10516;HTM;H32001813-10516;Aaltje noorderwierstr;'s-Gravenhage;OB19162997;;;;52,060731;4,231698
htm-h32001813-10557;HTM;H32001813-10557;Aaltje noorderwierstr;'s-Gravenhage;OB22088141;;;;;
htm-h32001103-10284;HTM;H32001103-10284;Aert vd Goesstraat;'s-Gravenhage;OB19163000;;;;52,087281;4,278055
htm-h32001125-10426;HTM;H32001125-10426;Aert vd Goesstraat;'s-Gravenhage;OB19162699;;;;52,087576;4,277961
htm-h32001808-10032;HTM;H32001808-10032;Albardastraat;'s-Gravenhage;OB19163001;;;;52,061315;4,247345
htm-h32001809-10031;HTM;H32001809-10031;Albardastraat;'s-Gravenhage;OB19162701;;;;52,061294;4,24704
htm-h32003829-10328;HTM;H32003829-10328;Alberdink Thijmstraat;'s-Gravenhage;OB19163002;;;;52,052036;4,313061
htm-h32003830-10459;HTM;H32003830-10459;Alberdink Thijmstraat;'s-Gravenhage;OB19162702;;;;52,052136;4,313102
htm-h32002301-10163;HTM;H32002301-10163;Alexanderstraat;'s-Gravenhage;OB19163008;;;;52,087063;4,303961
htm-h32002301-10497;HTM;H32002301-10497;Alexanderstraat;'s-Gravenhage;OB22088155;;;;;
htm-h32002302-10266;HTM;H32002302-10266;Alexanderstraat;'s-Gravenhage;OB19163009;;;;52,087607;4,303466
htm-h32002307-10493;HTM;H32002307-10493;Alexanderstraat;'s-Gravenhage;OB19163005;;;;52,085114;4,306036
htm-h32002308-10255;HTM;H32002308-10255;Alexanderstraat;'s-Gravenhage;OB22088156;;;;;
htm-h32002308-10321;HTM;H32002308-10321;Alexanderstraat;'s-Gravenhage;OB19163006;;;;52,084748;4,306351
htm-h32003407-10048;HTM;H32003407-10048;Almeloplein;'s-Gravenhage;OB19163448;;;;52,055451;4,274193
htm-h32002858-10547;HTM;H32002858-10547;Ammunitiehaven;'s-Gravenhage;OB19162884;;;;52,077117;4,320234
htm-h32003608-10709;HTM;H32003608-10709;Anna Bijnslaan;'s-Gravenhage;OB19163012;;;;52,055794;4,300314
htm-h32002698-10969;HTM;H32002698-10969;Anna van Hannoverstr;'s-Gravenhage;OB19162831;;;;52,079775;4,343994
htm-h32002699;HTM;H32002699;Anna van Hannoverstr;'s-Gravenhage;OB22088167;;;;52,0798;4,343855
htm-h32003129-10525;HTM;H32003129-10525;Apeldoornselaan;'s-Gravenhage;OB19162706;;;;52,066994;4,28203
htm-h32003129-10569;HTM;H32003129-10569;Apeldoornselaan;'s-Gravenhage;OB22088207;;;;;
htm-h32003130-10502;HTM;H32003130-10502;Apeldoornselaan;'s-Gravenhage;OB22088208;;;;;
htm-h32003130-10544;HTM;H32003130-10544;Apeldoornselaan;'s-Gravenhage;OB19163014;;;;52,066687;4,281862
htm-h32001820-10111;HTM;H32001820-10111;Arnold Spoelplein;'s-Gravenhage;OB19163015;;;;52,054418;4,234121
htm-h32001821-10141;HTM;H32001821-10141;Arnold Spoelplein;'s-Gravenhage;OB19162707;;;;52,05429;4,23392
htm-h32000702-10274;HTM;H32000702-10274;BadhuiskadeC;'s-Gravenhage;OB19163016;;;;52,108592;4,276972
htm-h32000703-10423;HTM;H32000703-10423;BadhuiskadeC;'s-Gravenhage;OB19162708;;;;52,108205;4,277011
htm-h32000219-10308;HTM;H32000219-10308;Badhuisweg;'s-Gravenhage;OB19162709;;;;52,109992;4,287317
htm-h32000220;HTM;H32000220;Badhuisweg;'s-Gravenhage;OB22088073;;;;;
htm-h32001406;HTM;H32001406;Balsemienlaan;'s-Gravenhage;OB22088125;;;;;
htm-h32001406-10016;HTM;H32001406-10016;Balsemienlaan;'s-Gravenhage;OB19162710;;;;52,069813;4,236627
htm-h32001408;HTM;H32001408;Balsemienlaan;'s-Gravenhage;OB22088126;;;;;
htm-h32001408-10017;HTM;H32001408-10017;Balsemienlaan;'s-Gravenhage;OB19163017;;;;52,071599;4,240928
htm-h32000503-10184;HTM;H32000503-10184;Bankastraat;'s-Gravenhage;OB19163018;;;;52,093931;4,302116
htm-h32000504-10195;HTM;H32000504-10195;Bankastraat;'s-Gravenhage;OB19162711;;;;52,093308;4,3027
htm-h32000605;HTM;H32000605;Bankastraat;'s-Gravenhage;OB22088090;;;;;
htm-h32002103-10164;HTM;H32002103-10164;Beeklaan;'s-Gravenhage;OB19162981;;;;52,075685;4,279918
htm-h32002104-10430;HTM;H32002104-10430;Beeklaan;'s-Gravenhage;OB19163020;;;;52,075443;4,28007
htm-h32002107-10330;HTM;H32002107-10330;Beeklaan;'s-Gravenhage;OB19163019;;;;52,073954;4,281376
htm-h32002108-10238;HTM;H32002108-10238;Beeklaan;'s-Gravenhage;OB19162712;;;;52,073464;4,281753
htm-h54002012-10431;HTM;H54002012-10431;Beeklaan;'s-Gravenhage;OB19162771;;;;52,079037;4,277049
htm-h42018501-10125;HTM;H42018501-10125;Benoordenhoutseweg;'s-Gravenhage;OB19163031;;;;52,093965;4,350785
htm-h54000470-10404;HTM;H54000470-10404;Benoordenhoutseweg;'s-Gravenhage;OB22088372;;;;;
htm-h54000670-10271;HTM;H54000670-10271;Benoordenhoutseweg;'s-Gravenhage;OB19162714;;;;52,092507;4,331293
htm-h54000680;HTM;H54000680;Benoordenhoutseweg;'s-Gravenhage;OB19163021;;;;52,09216;4,329667
htm-h54000680-10505;HTM;H54000680-10505;Benoordenhoutseweg;'s-Gravenhage;OB22088373;;;;;
htm-h54000730-10262;HTM;H54000730-10262;Benoordenhoutseweg;'s-Gravenhage;OB22088374;;;;;
htm-h54140330-10119;HTM;H54140330-10119;Benoordenhoutseweg;'s-Gravenhage;OB19163023;;;;52,105013;4,358143
htm-h54142010-10153;HTM;H54142010-10153;Benoordenhoutseweg;'s-Gravenhage;OB22088375;;;;;
htm-h54142030-10101;HTM;H54142030-10101;Benoordenhoutseweg;'s-Gravenhage;OB19163341;;;;52,09932;4,347508
htm-h54142040-10118;HTM;H54142040-10118;Benoordenhoutseweg;'s-Gravenhage;OB19163022;;;;52,099103;4,346273
htm-h32003371-10463;HTM;H32003371-10463;Beresteinlaan;'s-Gravenhage;OB19163093;;;;52,033243;4,267006
htm-h42009901;HTM;H42009901;Bezuidenhoutseweg;'s-Gravenhage;OB22088306;;;;;
htm-h42009902;HTM;H42009902;Bezuidenhoutseweg;'s-Gravenhage;OB22088307;;;;;
htm-h42010901-10138;HTM;H42010901-10138;Bezuidenhoutseweg;'s-Gravenhage;OB19163030;;;;52,090669;4,34088
htm-h42010902-10341;HTM;H42010902-10341;Bezuidenhoutseweg;'s-Gravenhage;OB19163029;;;;52,090202;4,339957
htm-h42013301-10134;HTM;H42013301-10134;Bezuidenhoutseweg;'s-Gravenhage;OB19163033;;;;52,098108;4,357855
htm-h42013302-10140;HTM;H42013302-10140;Bezuidenhoutseweg;'s-Gravenhage;OB19163034;;;;52,098631;4,358047
htm-h42017001;HTM;H42017001;Bezuidenhoutseweg;'s-Gravenhage;OB22088317;;;;;
htm-h42017002;HTM;H42017002;Bezuidenhoutseweg;'s-Gravenhage;OB22088318;;;;;
htm-h42018102;HTM;H42018102;Bezuidenhoutseweg;'s-Gravenhage;OB22088322;;;;;
htm-h42018502-10290;HTM;H42018502-10290;Bezuidenhoutseweg;'s-Gravenhage;OB19163032;;;;52,093917;4,350378
htm-h42022701-10114;HTM;H42022701-10114;Bezuidenhoutseweg;'s-Gravenhage;OB19163036;;;;52,100359;4,36135
htm-h42022702-10117;HTM;H42022702-10117;Bezuidenhoutseweg;'s-Gravenhage;OB19163035;;;;52,100355;4,360956
htm-h32002801-10485;HTM;H32002801-10485;Bilderdijkstraat;'s-Gravenhage;OB19162717;;;;52,079921;4,302471
htm-h42073401-10427;HTM;H42073401-10427;Brasserhoutweg;'s-Gravenhage;OB19162720;;;;52,03443;4,387812
htm-h42073402;HTM;H42073402;Brasserhoutweg;'s-Gravenhage;OB22088363;;;;;
htm-h42011201;HTM;H42011201;Brasserkade;'s-Gravenhage;OB22088309;;;;;
htm-h42011202-10410;HTM;H42011202-10410;Brasserkade;'s-Gravenhage;OB19162921;;;;52,02779;4,362007
htm-h32003903;HTM;H32003903;Brinckhorstlaan;'s-Gravenhage;OB22088242;;;;;
htm-h32003904;HTM;H32003904;Brinckhorstlaan;'s-Gravenhage;OB22088243;;;;;
htm-h32003905-10187;HTM;H32003905-10187;Brinckhorstlaan;'s-Gravenhage;OB19163040;;;;52,068832;4,337453
htm-h32003912-10182;HTM;H32003912-10182;Brinckhorstlaan;'s-Gravenhage;OB22088244;;;;;
htm-h32002825-10416;HTM;H32002825-10416;Brouwersgracht;'s-Gravenhage;OB19162723;;;;52,07304;4,305847
htm-h32002826-10452;HTM;H32002826-10452;Brouwersgracht;'s-Gravenhage;OB19163041;;;;52,073718;4,30529
htm-h32003803-10331;HTM;H32003803-10331;Calandstraat;'s-Gravenhage;OB19162726;;;;52,062901;4,313704
htm-h32003804-10287;HTM;H32003804-10287;Calandstraat;'s-Gravenhage;OB19163052;;;;52,063204;4,313478
htm-h32000708-10776;HTM;H32000708-10776;Circusplein;'s-Gravenhage;OB19162728;;;;52,111294;4,283314
htm-h32000708-10976;HTM;H32000708-10976;Circusplein;'s-Gravenhage;OB22088091;;;;;
htm-h32001101-10468;HTM;H32001101-10468;Conradkade;'s-Gravenhage;OB19163056;;;;52,085541;4,273794
htm-h32001102-10186;HTM;H32001102-10186;Conradkade;'s-Gravenhage;OB19163055;;;;52,085792;4,273671
htm-h32001108-10524;HTM;H32001108-10524;Conradkade;'s-Gravenhage;OB22088113;;;;;
htm-h32001109-10944;HTM;H32001109-10944;Conradkade;'s-Gravenhage;OB22088114;;;;;
htm-h32002105-10979;HTM;H32002105-10979;Conradkade;'s-Gravenhage;OB19163054;;;;52,078802;4,286508
htm-h32002106-10818;HTM;H32002106-10818;Conradkade;'s-Gravenhage;OB19162730;;;;52,07867;4,286774
htm-h32002017-10092;HTM;H32002017-10092;Copernicusplein;'s-Gravenhage;OB19163642;;;;52,075666;4,27512
htm-h32000930-10360;HTM;H32000930-10360;Cornelis de Wittlaan;'s-Gravenhage;OB19163057;;;;52,087573;4,277596
htm-h32000932-10241;HTM;H32000932-10241;Cornelis de Wittlaan;'s-Gravenhage;OB19162731;;;;52,086047;4,274044
htm-h32001106-10295;HTM;H32001106-10295;Cornelis de Wittlaan;'s-Gravenhage;OB19163058;;;;52,088372;4,279415
htm-h32002641-10102;HTM;H32002641-10102;De Eerensplein;'s-Gravenhage;OB19163059;;;;52,089277;4,344123
htm-h32002642-10133;HTM;H32002642-10133;De Eerensplein;'s-Gravenhage;OB19162733;;;;52,089199;4,344387
htm-h32003819-10339;HTM;H32003819-10339;de Genesteltlaan;'s-Gravenhage;OB19163060;;;;52,058933;4,321193
htm-h32003820-10178;HTM;H32003820-10178;de Genesteltlaan;'s-Gravenhage;OB19162734;;;;52,058066;4,321797
htm-h32002908-10960;HTM;H32002908-10960;De heemstraat;'s-Gravenhage;OB19163068;;;;52,068095;4,295946
htm-h32002908-10967;HTM;H32002908-10967;De heemstraat;'s-Gravenhage;OB22088191;;;;;
htm-h32002919-10946;HTM;H32002919-10946;De heemstraat;'s-Gravenhage;OB19163065;;;;52,06334;4,300845
htm-h32002920-10908;HTM;H32002920-10908;De heemstraat;'s-Gravenhage;OB22088193;;;;;
htm-h32002931-10896;HTM;H32002931-10896;De heemstraat;'s-Gravenhage;OB22088199;;;;;
htm-h32002931-10930;HTM;H32002931-10930;De heemstraat;'s-Gravenhage;OB22088198;;;;;
htm-h32002932-10530;HTM;H32002932-10530;De heemstraat;'s-Gravenhage;OB19163062;;;;52,066004;4,298258
htm-h32002932-10713;HTM;H32002932-10713;De heemstraat;'s-Gravenhage;OB19163061;;;;52,066557;4,297792
htm-h32002932-10845;HTM;H32002932-10845;De heemstraat;'s-Gravenhage;OB19163063;;;;52,066004;4,298258
htm-h32002934-10597;HTM;H32002934-10597;De heemstraat;'s-Gravenhage;OB19163070;;;;52,069492;4,294453
htm-h32003125-10433;HTM;H32003125-10433;De la Reyweg;'s-Gravenhage;OB19163071;;;;52,061586;4,290986
htm-h32003126-10458;HTM;H32003126-10458;De la Reyweg;'s-Gravenhage;OB19162736;;;;52,062026;4,290975
htm-h32003442-10688;HTM;H32003442-10688;Dedemsvaartweg;'s-Gravenhage;OB19163072;;;;52,041362;4,277692
htm-h32003443-10707;HTM;H32003443-10707;Dedemsvaartweg;'s-Gravenhage;OB19162738;;;;52,041883;4,276702
htm-h32002935-10301;HTM;H32002935-10301;Delftselaan;'s-Gravenhage;OB19163069;;;;52,068483;4,294143
htm-h32002503-10121;HTM;H32002503-10121;Diamanthorst;'s-Gravenhage;OB19162741;;;;52,092676;4,35242
htm-h32002505-10124;HTM;H32002505-10124;Diamanthorst;'s-Gravenhage;OB19163074;;;;52,094327;4,356162
htm-h32002506-10123;HTM;H32002506-10123;Diamanthorst;'s-Gravenhage;OB19163075;;;;52,094379;4,355956
htm-h32002507-10137;HTM;H32002507-10137;Diamanthorst;'s-Gravenhage;OB19163077;;;;52,096492;4,36014
htm-h32002508-10142;HTM;H32002508-10142;Diamanthorst;'s-Gravenhage;OB19163076;;;;52,096533;4,360708
htm-h32003115-10670;HTM;H32003115-10670;Dierenselaan;'s-Gravenhage;OB19162743;;;;52,066606;4,284737
htm-h32003116-10655;HTM;H32003116-10655;Dierenselaan;'s-Gravenhage;OB19163078;;;;52,066735;4,285055
htm-h32000226;HTM;H32000226;Doorniksestraat;'s-Gravenhage;OB22088074;;;;;
htm-h32000227-10261;HTM;H32000227-10261;Doorniksestraat;'s-Gravenhage;OB19163526;;;;52,107204;4,300757
htm-h32000228-10309;HTM;H32000228-10309;Doorniksestraat;'s-Gravenhage;OB19162906;;;;52,106848;4,301131
htm-h32000934-10552;HTM;H32000934-10552;Doornstraat;'s-Gravenhage;OB19163085;;;;52,09817;4,273772
htm-h32000935;HTM;H32000935;Doornstraat;'s-Gravenhage;OB22088112;;;;;
htm-h32000603-10285;HTM;H32000603-10285;Dr. Alleta Jaconsweg;'s-Gravenhage;OB19162749;;;;52,097408;4,299915
htm-h32000604-10445;HTM;H32000604-10445;Dr. Alleta Jaconsweg;'s-Gravenhage;OB19163086;;;;52,097463;4,30006
htm-h32000716-10578;HTM;H32000716-10578;Duinstraat;'s-Gravenhage;OB19162990;;;;52,101552;4,273935
htm-h32000717-10603;HTM;H32000717-10603;Duinstraat;'s-Gravenhage;OB19163716;;;;52,101666;4,273655
htm-h32000720-10267;HTM;H32000720-10267;Duinstraat;'s-Gravenhage;OB19162750;;;;52,101918;4,277459
htm-h32000721-10380;HTM;H32000721-10380;Duinstraat;'s-Gravenhage;OB22088093;;;;;
htm-h32000730;HTM;H32000730-;Duinstraat;'s-Gravenhage;OB22088095;;;;;
htm-h32000724-10442;HTM;H32000724-10442;Duinweg;'s-Gravenhage;OB19162751;;;;52,104094;4,28625
htm-h32000805-10324;HTM;H32000805-10324;Duivelandsestraat;'s-Gravenhage;OB19162752;;;;52,0861;4,255964
htm-h32000806;HTM;H32000806;Duivelandsestraat;'s-Gravenhage;OB22088102;;;;;
htm-h32002007-10269;HTM;H32002007-10269;Edisonstraat;'s-Gravenhage;OB19163646;;;;52,076517;4,271962
htm-h32002008-10487;HTM;H32002008-10487;Edisonstraat;'s-Gravenhage;OB19162958;;;;52,076413;4,272373
htm-h32002015-10162;HTM;H32002015-10162;Edisonstraat;'s-Gravenhage;OB19162753;;;;52,076007;4,27498
htm-h32002016-10254;HTM;H32002016-10254;Edisonstraat;'s-Gravenhage;OB19163089;;;;52,076012;4,275519
htm-h32000919-10494;HTM;H32000919-10494;Eisenhowerlaan;'s-Gravenhage;OB19163528;;;;52,093444;4,280661
htm-h32000920-10225;HTM;H32000920-10225;Eisenhowerlaan;'s-Gravenhage;OB19162911;;;;52,093615;4,280671
htm-h32000936-10654;HTM;H32000936-10654;Eisenhowerlaan;'s-Gravenhage;OB19163091;;;;52,093444;4,280661
htm-h32000937-10699;HTM;H32000937-10699;Eisenhowerlaan;'s-Gravenhage;OB19163090;;;;52,093444;4,280661
htm-h32000944-10204;HTM;H32000944-10204;Eisenhowerlaan;'s-Gravenhage;OB19162754;;;;52,090833;4,279208
htm-h32000407-10381;HTM;H32000407-10381;Else Mauhslaan;'s-Gravenhage;OB19162755;;;;52,105956;4,323516
htm-h32003339-10113;HTM;H32003339-10113;Erasmusweg;'s-Gravenhage;OB19163092;;;;52,03095;4,26122
htm-h32003340;HTM;H32003340;Erasmusweg;'s-Gravenhage;OB22088218;;;;;
htm-h32003341-10293;HTM;H32003341-10293;Erasmusweg;'s-Gravenhage;OB19163094;;;;52,033786;4,26743
htm-h32003342-10132;HTM;H32003342-10132;Erasmusweg;'s-Gravenhage;OB19163095;;;;52,035948;4,271646
htm-h32003343;HTM;H32003343;Erasmusweg;'s-Gravenhage;OB19163096;;;;52,042925;4,259592
htm-h32003357-10090;HTM;H32003357-10090;Erasmusweg;'s-Gravenhage;OB19162756;;;;52,030456;4,260372
htm-h32003609-10633;HTM;H32003609-10633;Erasmusweg;'s-Gravenhage;OB19163098;;;;52,045277;4,290657
htm-h32003610-10994;HTM;H32003610-10994;Erasmusweg;'s-Gravenhage;OB19163099;;;;52,045157;4,290339
htm-h32003614-10349;HTM;H32003614-10349;Erasmusweg;'s-Gravenhage;OB19163104;;;;52,046796;4,293491
htm-h32003615-10334;HTM;H32003615-10334;Erasmusweg;'s-Gravenhage;OB19163105;;;;52,047033;4,29385
htm-h32003618-10476;HTM;H32003618-10476;Erasmusweg;'s-Gravenhage;OB19163097;;;;52,050491;4,300414
htm-h32003619-10219;HTM;H32003619-10219;Erasmusweg;'s-Gravenhage;OB19163108;;;;52,049814;4,299074
htm-h32003620-10213;HTM;H32003620-10213;Erasmusweg;'s-Gravenhage;OB19163102;;;;52,051891;4,303048
htm-h32003621-10231;HTM;H32003621-10231;Erasmusweg;'s-Gravenhage;OB19163103;;;;52,052119;4,303392
htm-h32003626-10405;HTM;H32003626-10405;Erasmusweg;'s-Gravenhage;OB19163101;;;;52,054711;4,307689
htm-h32003627-10273;HTM;H32003627-10273;Erasmusweg;'s-Gravenhage;OB19163100;;;;52,054547;4,307474
htm-h32001717-10043;HTM;H32001717-10043;Escamplaan;'s-Gravenhage;OB19163111;;;;52,05514;4,258584
htm-h32001718-10369;HTM;H32001718-10369;Escamplaan;'s-Gravenhage;OB19163112;;;;52,054464;4,257377
htm-h32001719-10108;HTM;H32001719-10108;Escamplaan;'s-Gravenhage;OB19163117;;;;52,056983;4,261352
htm-h32001721-10044;HTM;H32001721-10044;Escamplaan;'s-Gravenhage;OB19163116;;;;52,057397;4,262435
htm-h32003109-10528;HTM;H32003109-10528;Escamplaan;'s-Gravenhage;OB19163123;;;;52,064721;4,277317
htm-h32003109-10536;HTM;H32003109-10536;Escamplaan;'s-Gravenhage;OB22088203;;;;52,056957;4,26161
htm-h32003110-10531;HTM;H32003110-10531;Escamplaan;'s-Gravenhage;OB22088204;;;;;
htm-h32003110-10577;HTM;H32003110-10577;Escamplaan;'s-Gravenhage;OB19163121;;;;52,0646;4,276882
htm-h32003213-10520;HTM;H32003213-10520;Escamplaan;'s-Gravenhage;OB19163120;;;;52,061966;4,27021
htm-h32003213-10585;HTM;H32003213-10585;Escamplaan;'s-Gravenhage;OB19163119;;;;52,061966;4,27021
htm-h32003214-10554;HTM;H32003214-10554;Escamplaan;'s-Gravenhage;OB22088209;;;;;
htm-h32003214-10567;HTM;H32003214-10567;Escamplaan;'s-Gravenhage;OB19163118;;;;52,062241;4,270772
htm-h42012101-10040;HTM;H42012101-10040;Escamplaan;'s-Gravenhage;OB19163113;;;;52,051902;4,253607
htm-h42012102-10039;HTM;H42012102-10039;Escamplaan;'s-Gravenhage;OB19163110;;;;52,052307;4,254675
htm-h42015701-10131;HTM;H42015701-10131;Escamplaan;'s-Gravenhage;OB19163109;;;;52,043186;4,240985
htm-h42015702-10036;HTM;H42015702-10036;Escamplaan;'s-Gravenhage;OB19162757;;;;52,043984;4,242597
htm-h42021801-10038;HTM;H42021801-10038;Escamplaan;'s-Gravenhage;OB19163115;;;;52,048473;4,248576
htm-h42021802-10037;HTM;H42021802-10037;Escamplaan;'s-Gravenhage;OB19163114;;;;52,048914;4,249571
htm-h32000904-10188;HTM;H32000904-10188;Frankenslag;'s-Gravenhage;OB19163124;;;;52,099178;4,28154
htm-h32000905-10340;HTM;H32000905-10340;Frankenslag;'s-Gravenhage;OB19162760;;;;52,09897;4,281341
htm-h32000918-10283;HTM;H32000918-10283;Frederik Hendriklaan;'s-Gravenhage;OB19162761;;;;52,090518;4,274385
htm-h32002921-10662;HTM;H32002921-10662;Fruitweg;'s-Gravenhage;OB22088194;;;;;
htm-h32002921-10694;HTM;H32002921-10694;Fruitweg;'s-Gravenhage;OB19163134;;;;52,061459;4,308401
htm-h32002922-10517;HTM;H32002922-10517;Fruitweg;'s-Gravenhage;OB19163132;;;;52,061593;4,309288
htm-h32002922-10543;HTM;H32002922-10543;Fruitweg;'s-Gravenhage;OB22088195;;;;;
htm-h32002922-10563;HTM;H32002922-10563;Fruitweg;'s-Gravenhage;OB19163131;;;;52,061593;4,309288
htm-h32002924-10555;HTM;H32002924-10555;Fruitweg;'s-Gravenhage;OB19163129;;;;52,061521;4,309333
htm-h32003701-10795;HTM;H32003701-10795;Fruitweg;'s-Gravenhage;OB19162763;;;;52,058477;4,305703
htm-h32003702-10678;HTM;H32003702-10678;Fruitweg;'s-Gravenhage;OB19163128;;;;52,059369;4,306964
htm-h32000221-10350;HTM;H32000221-10350;Gentsestraat;'s-Gravenhage;OB19162766;;;;52,110603;4,290163
htm-h32000225-10282;HTM;H32000225-10282;Gentsestraat;'s-Gravenhage;OB19162746;;;;52,110116;4,296818
htm-h32000602;HTM;H32000602-;George Maduroplein;'s-Gravenhage;OB22088089;;;;;
htm-h32000202-10220;HTM;H32000202-10220;Gevers Deynootweg;'s-Gravenhage;OB19163140;;;;52,112686;4,283221
htm-h32000202-10374;HTM;H32000202-10374;Gevers Deynootweg;'s-Gravenhage;OB19163145;;;;52,11321;4,283559
htm-h32000204-10296;HTM;H32000204-10296;Gevers Deynootweg;'s-Gravenhage;OB19163141;;;;52,113581;4,283739
htm-h32000706-10190;HTM;H32000706-10190;Gevers Deynootweg;'s-Gravenhage;OB19163142;;;;52,110998;4,280547
htm-h32000707-10279;HTM;H32000707-10279;Gevers Deynootweg;'s-Gravenhage;OB19163143;;;;52,1113;4,28108
htm-h32001211-10417;HTM;H32001211-10417;Goudenregenstraat;'s-Gravenhage;OB19162768;;;;52,07662;4,263863
htm-h32001212-10214;HTM;H32001212-10214;Goudenregenstraat;'s-Gravenhage;OB19163146;;;;52,076496;4,264027
htm-h32003817-10736;HTM;H32003817-10736;Gouverneurslaan;'s-Gravenhage;OB19163148;;;;52,056292;4,315496
htm-h32003818-10765;HTM;H32003818-10765;Gouverneurslaan;'s-Gravenhage;OB22088235;;;;;
htm-h32003821-10849;HTM;H32003821-10849;Gouverneurslaan;'s-Gravenhage;OB19163147;;;;52,05868;4,322044
htm-h32003822-10883;HTM;H32003822-10883;Gouverneurslaan;'s-Gravenhage;OB19162769;;;;52,05893;4,32284
htm-h32002818;HTM;H32002818;Gravenstraat;'s-Gravenhage;OB22088174;;;;;
htm-h32002819;HTM;H32002819;Gravenstraat;'s-Gravenhage;OB22088175;;;;;
htm-h32001828-10126;HTM;H32001828-10126;Groen v Prinstererln;'s-Gravenhage;OB19162770;;;;52,059371;4,247964
htm-h32001829-10033;HTM;H32001829-10033;Groen v Prinstererln;'s-Gravenhage;OB19163149;;;;52,059405;4,247802
htm-h32001110-10152;HTM;H32001110-10152;Groot Hertoginnelaan;'s-Gravenhage;OB19163156;;;;52,082216;4,276737
htm-h32001111-10152;HTM;H32001111-10152;Groot Hertoginnelaan;'s-Gravenhage;OB22088115;;;;;
htm-h32001112-10698;HTM;H32001112-10698;Groot Hertoginnelaan;'s-Gravenhage;OB19163155;;;;52,083748;4,279062
htm-h32001114-10414;HTM;H32001114-10414;Groot Hertoginnelaan;'s-Gravenhage;OB19163154;;;;52,085644;4,282751
htm-h32001117-10286;HTM;H32001117-10286;Groot Hertoginnelaan;'s-Gravenhage;OB19163153;;;;52,085198;4,287022
htm-h32001118-10379;HTM;H32001118-10379;Groot Hertoginnelaan;'s-Gravenhage;OB19163151;;;;52,085303;4,287647
htm-h32001123-10409;HTM;H32001123-10409;Groot Hertoginnelaan;'s-Gravenhage;OB19163150;;;;52,085066;4,292118
htm-h32001124-10355;HTM;H32001124-10355;Groot Hertoginnelaan;'s-Gravenhage;OB19163152;;;;52,084885;4,291991
htm-h32000217-10221;HTM;H32000217-10221;Harstenbroekweg;'s-Gravenhage;OB19162777;;;;52,112148;4,287162
htm-h32000218-10469;HTM;H32000218-10469;Harstenbroekweg;'s-Gravenhage;OB19163166;;;;52,11215;4,287395
htm-h32000440-10098;HTM;H32000440-10098;Hart Nibbrigkade;'s-Gravenhage;OB19162778;;;;52,094367;4,330286
htm-h32000740;HTM;H32000740;Hellingkade;'s-Gravenhage;OB22088098;;;;;
htm-h32003318-10104;HTM;H32003318-10104;Hengelolaan;'s-Gravenhage;OB19163025;;;;52,040559;4,255614
htm-h32003319;HTM;H32003319;Hengelolaan;'s-Gravenhage;OB22088215;;;;;
htm-h32003320-10074;HTM;H32003320-10074;Hengelolaan;'s-Gravenhage;OB19163026;;;;52,042925;4,259592
htm-h32003321-10783;HTM;H32003321-10783;Hengelolaan;'s-Gravenhage;OB19163027;;;;52,043576;4,260902
htm-h32003322-10070;HTM;H32003322-10070;Hengelolaan;'s-Gravenhage;OB19163167;;;;52,045066;4,263518
htm-h32003323-10073;HTM;H32003323-10073;Hengelolaan;'s-Gravenhage;OB19162780;;;;52,045348;4,263831
htm-h32003361;HTM;H32003361;Hengelolaan;'s-Gravenhage;OB22088220;;;;;
htm-h32003362-10135;HTM;H32003362-10135;Hengelolaan;'s-Gravenhage;OB19163024;;;;52,038265;4,251664
htm-h32003383;HTM;H32003383;Hengelolaan;'s-Gravenhage;OB19162715;;;;52,042359;4,249648
htm-h32003411-10072;HTM;H32003411-10072;Hengelolaan;'s-Gravenhage;OB19163168;;;;52,047723;4,268743
htm-h32003412-10071;HTM;H32003412-10071;Hengelolaan;'s-Gravenhage;OB19163169;;;;52,047568;4,268558
htm-h32003413-10391;HTM;H32003413-10391;Hengelolaan;'s-Gravenhage;OB19163359;;;;52,050042;4,274502
htm-h32003413-10392;HTM;H32003413-10392;Hengelolaan;'s-Gravenhage;OB22088227;;;;;
htm-h32003413-10481;HTM;H32003413-10481;Hengelolaan;'s-Gravenhage;OB19163358;;;;52,050042;4,274502
htm-h32003414-10403;HTM;H32003414-10403;Hengelolaan;'s-Gravenhage;OB19163356;;;;52,050153;4,274835
htm-h32003414-10448;HTM;H32003414-10448;Hengelolaan;'s-Gravenhage;OB22088228;;;;;
htm-h32002509-10711;HTM;H32002509-10711;Het kleine Looi;'s-Gravenhage;OB19162782;;;;52,087031;4,348334
htm-h32002510-10734;HTM;H32002510-10734;Het kleine Looi;'s-Gravenhage;OB19163172;;;;52,086884;4,347943
htm-h32002513-10819;HTM;H32002513-10819;Het kleine Looi;'s-Gravenhage;OB19163174;;;;52,089494;4,353413
htm-h32002514-10825;HTM;H32002514-10825;Het kleine Looi;'s-Gravenhage;OB19163173;;;;52,08931;4,352965
htm-h32002515-10701;HTM;H32002515-10701;Het kleine Looi;'s-Gravenhage;OB19163177;;;;52,091937;4,358377
htm-h32002516-10786;HTM;H32002516-10786;Het kleine Looi;'s-Gravenhage;OB19163176;;;;52,091781;4,357986
htm-h32002517-10359;HTM;H32002517-10359;Het kleine Looi;'s-Gravenhage;OB19163175;;;;52,093915;4,362534
htm-h32002518;HTM;H32002518;Het kleine Looi;'s-Gravenhage;OB19163178;;;;52,094017;4,362897
htm-h32003841;HTM;H32003841;Hildebrandstraat;'s-Gravenhage;OB19162784;;;;52,055826;4,311701
htm-h32003842;HTM;H32003842;Hildebrandstraat;'s-Gravenhage;OB19163180;;;;52,05592;4,312078
htm-h32002911-10732;HTM;H32002911-10732;Hobbemaplein;'s-Gravenhage;OB19163183;;;;52,066971;4,29784
htm-h32002912-10772;HTM;H32002912-10772;Hobbemaplein;'s-Gravenhage;OB19162786;;;;52,067117;4,298099
htm-h32002913-10747;HTM;H32002913-10747;Hobbemaplein;'s-Gravenhage;OB19163181;;;;52,06687;4,296647
htm-h32002914;HTM;H32002914;Hobbemaplein;'s-Gravenhage;OB19162785;;;;52,066971;4,29784
htm-h32002917-10491;HTM;H32002917-10491;Hobbemastraat;'s-Gravenhage;OB19163185;;;;52,070339;4,307283
htm-h32002918-10239;HTM;H32002918-10239;Hobbemastraat;'s-Gravenhage;OB19163184;;;;52,070227;4,306863
htm-h42013001;HTM;H42013001;Hoefkade;'s-Gravenhage;OB22088311;;;;;
htm-h42013001-10492;HTM;H42013001-10492;Hoefkade;'s-Gravenhage;OB19163190;;;;52,062576;4,300864
htm-h42018901;HTM;H42018901;Hoefkade;'s-Gravenhage;OB19163186;;;;52,065067;4,293082
htm-h42018902;HTM;H42018902;Hoefkade;'s-Gravenhage;OB22088323;;;;;
htm-h32001502-10003;HTM;H32001502-10003;Hoek van Hollandlaan;'s-Gravenhage;OB19162739;;;;52,066459;4,218161
htm-h32002519;HTM;H32002519;Hofzichtlaan;'s-Gravenhage;OB22088157;;;;;
htm-h32002520-10120;HTM;H32002520-10120;Hofzichtlaan;'s-Gravenhage;OB19163197;;;;52,095148;4,362754
htm-h32002521;HTM;H32002521;Hofzichtlaan;'s-Gravenhage;OB22088158;;;;;
htm-h32002522-10146;HTM;H32002522-10146;Hofzichtlaan;'s-Gravenhage;OB19163196;;;;52,091884;4,365718
htm-h32002523-10440;HTM;H32002523-10440;Hofzichtlaan;'s-Gravenhage;OB19163195;;;;52,091793;4,365589
htm-h32002524-10750;HTM;H32002524-10750;Hofzichtlaan;'s-Gravenhage;OB19162792;;;;52,091579;4,365783
htm-h32002525;HTM;H32002525;Hofzichtlaan;'s-Gravenhage;OB22088159;;;;;
htm-h32002526-10171;HTM;H32002526-10171;Hofzichtlaan;'s-Gravenhage;OB19162698;;;;52,091103;4,368873
htm-h42018701-10208;HTM;H42018701-10208;Houtkade;'s-Gravenhage;OB19162795;;;;52,05912;4,416687
htm-h42018702-10325;HTM;H42018702-10325;Houtkade;'s-Gravenhage;OB19163200;;;;52,059075;4,416644
htm-h32001715-10109;HTM;H32001715-10109;Houtwijklaan;'s-Gravenhage;OB19162796;;;;52,055713;4,25176
htm-h32001716-10034;HTM;H32001716-10034;Houtwijklaan;'s-Gravenhage;OB19163201;;;;52,056368;4,250738
htm-h32003350-10175;HTM;H32003350-10175;Jaap Edenweg;'s-Gravenhage;OB22088219;;;;;
htm-h32003350-10366;HTM;H32003350-10366;Jaap Edenweg;'s-Gravenhage;OB19163202;;;;52,03948;4,245292
htm-h32000710-10777;HTM;H32000710-10777;Jacob pronkstraat;'s-Gravenhage;OB19162801;;;;52,104211;4,270935
htm-h32000711;HTM;H32000711;Jacob pronkstraat;'s-Gravenhage;OB22088092;;;;;
htm-h32003833-10354;HTM;H32003833-10354;Jan van Beersstraat;'s-Gravenhage;OB19162804;;;;52,055718;4,3235
htm-h32003834-10299;HTM;H32003834-10299;Jan van Beersstraat;'s-Gravenhage;OB19163204;;;;52,055747;4,323791
htm-h32000436-10130;HTM;H32000436-10130;Jan van Nassaustraat;'s-Gravenhage;OB19162805;;;;52,088805;4,317533
htm-h32003815-10955;HTM;H32003815-10955;Jan vd Heijdenstraat;'s-Gravenhage;OB19162924;;;;52,059768;4,333043
htm-h32000515-10197;HTM;H32000515-10197;Javastraat;'s-Gravenhage;OB19162806;;;;52,087085;4,301436
htm-h32000437;HTM;H32000437;Jozef Israellaan;'s-Gravenhage;OB22088084;;;;;
htm-h32000427-10368;HTM;H32000427-10368;Jozef Israelplein;'s-Gravenhage;OB19162807;;;;52,092193;4,319451
htm-h32002647-10511;HTM;H32002647-10511;Juliana v Stoberglaan;'s-Gravenhage;OB22088163;;;;;
htm-h32002647-10566;HTM;H32002647-10566;Juliana v Stoberglaan;'s-Gravenhage;OB19163211;;;;52,083795;4,338181
htm-h32002648-10522;HTM;H32002648-10522;Juliana v Stoberglaan;'s-Gravenhage;OB19163206;;;;52,083984;4,339169
htm-h32002648-10609;HTM;H32002648-10609;Juliana v Stoberglaan;'s-Gravenhage;OB22088164;;;;;
htm-h32002652-10248;HTM;H32002652-10248;Juliana v Stoberglaan;'s-Gravenhage;OB19163207;;;;52,084384;4,342691
htm-h42014102-10362;HTM;H42014102-10362;Juliana v Stoberglaan;'s-Gravenhage;OB19163209;;;;52,081878;4,331894
htm-h32000714-10419;HTM;H32000714-10419;Jurian kokstraat;'s-Gravenhage;OB19162810;;;;52,103898;4,276796
htm-h32000715-10418;HTM;H32000715-10418;Jurian kokstraat;'s-Gravenhage;OB19163214;;;;52,104295;4,276947
htm-h42014201-10456;HTM;H42014201-10456;Kaapseplein;'s-Gravenhage;OB19162787;;;;52,061091;4,297677
htm-h42014202;HTM;H42014202;Kaapseplein;'s-Gravenhage;OB22088314;;;;;
htm-h32000734;HTM;H32000734;Kanaalweg;'s-Gravenhage;OB22088096;;;;;
htm-h32003009-10509;HTM;H32003009-10509;Kempstraat;'s-Gravenhage;OB19162812;;;;52,064799;4,292366
htm-h32003010-10258;HTM;H32003010-10258;Kempstraat;'s-Gravenhage;OB19163219;;;;52,065057;4,293089
htm-h32001425-10297;HTM;H32001425-10297;Kijkduinsestraat;'s-Gravenhage;OB19163724;;;;52,063089;4,226504
htm-h32001426-10020;HTM;H32001426-10020;Kijkduinsestraat;'s-Gravenhage;OB19163222;;;;52,063256;4,226062
htm-h32001504-10247;HTM;H32001504-10247;Kijkduinsestraat;'s-Gravenhage;OB22088132;;;;;
htm-h32001506-10972;HTM;H32001506-10972;Kijkduinsestraat;'s-Gravenhage;OB19162815;;;;52,11663;4,28819
htm-h32001508;HTM;H32001508;Kijkduinsestraat;'s-Gravenhage;OB22088133;;;;;
htm-h32001516-10004;HTM;H32001516-10004;Kijkduinsestraat;'s-Gravenhage;OB19163221;;;;52,065592;4,224178
htm-h32002862-10250;HTM;H32002862-10250;Klavermarkt;'s-Gravenhage;OB22088184;;;;;
htm-h32002862-10352;HTM;H32002862-10352;Klavermarkt;'s-Gravenhage;OB19163218;;;;52,078156;4,316839
htm-h32002863-10902;HTM;H32002863-10902;Klavermarkt;'s-Gravenhage;OB19163215;;;;52,077951;4,316071
htm-h32002863-10934;HTM;H32002863-10934;Klavermarkt;'s-Gravenhage;OB22088185;;;;;
htm-h32002863-10970;HTM;H32002863-10970;Klavermarkt;'s-Gravenhage;OB19163216;;;;52,077951;4,316071
htm-h32002803-10327;HTM;H32002803-10327;Kneuterdijk;'s-Gravenhage;OB19163224;;;;52,081006;4,309009
htm-h32002804-10453;HTM;H32002804-10453;Kneuterdijk;'s-Gravenhage;OB19162816;;;;52,080356;4,309696
htm-h32002805-10687;HTM;H32002805-10687;Kneuterdijk;'s-Gravenhage;OB19163335;;;;52,080309;4,310383
htm-h32002806-10464;HTM;H32002806-10464;Kneuterdijk;'s-Gravenhage;OB19162835;;;;52,080428;4,310716
htm-h32002874-10181;HTM;H32002874-10181;Kneuterdijk;'s-Gravenhage;OB19162836;;;;52,081365;4,308986
htm-h32001121-10658;HTM;H32001121-10658;Kon. Emmakade;'s-Gravenhage;OB19162818;;;;52,08122;4,288389
htm-h32001122-10635;HTM;H32001122-10635;Kon. Emmakade;'s-Gravenhage;OB19163227;;;;52,081505;4,288061
htm-h32001122-10653;HTM;H32001122-10653;Kon. Emmakade;'s-Gravenhage;OB22088117;;;;;
htm-h32000505-10804;HTM;H32000505-10804;Koninginnegracht;'s-Gravenhage;OB19163237;;;;52,094882;4,307712
htm-h32000506-10332;HTM;H32000506-10332;Koninginnegracht;'s-Gravenhage;OB22088086;;;;;
htm-h32000513-10832;HTM;H32000513-10832;Koninginnegracht;'s-Gravenhage;OB19163238;;;;52,092858;4,309512
htm-h32000514-10817;HTM;H32000514-10817;Koninginnegracht;'s-Gravenhage;OB22088087;;;;;
htm-h32000519-10158;HTM;H32000519-10158;Koninginnegracht;'s-Gravenhage;OB19163239;;;;52,090119;4,311752
htm-h32000520-10909;HTM;H32000520-10909;Koninginnegracht;'s-Gravenhage;OB22088088;;;;;
htm-h32000601-10980;HTM;H32000601-10980;Koninginnegracht;'s-Gravenhage;OB19163011;;;;52,098689;4,301417
htm-h32002309-10679;HTM;H32002309-10679;Koninginnegracht;'s-Gravenhage;OB19163240;;;;52,087701;4,313795
htm-h32002310-10824;HTM;H32002310-10824;Koninginnegracht;'s-Gravenhage;OB19162820;;;;52,08696;4,314338
htm-h32002403-10406;HTM;H32002403-10406;Koningskade;'s-Gravenhage;OB19163241;;;;52,08487;4,316795
htm-h32002812-10973;HTM;H32002812-10973;Korte Voorhout;'s-Gravenhage;OB19163242;;;;52,082791;4,316437
htm-h32002812-10977;HTM;H32002812-10977;Korte Voorhout;'s-Gravenhage;OB22088172;;;;;
htm-h32002813-10958;HTM;H32002813-10958;Korte Voorhout;'s-Gravenhage;OB22088173;;;;;
htm-h32002813-10962;HTM;H32002813-10962;Korte Voorhout;'s-Gravenhage;OB19163244;;;;52,083105;4,317363
htm-h32001601;HTM;H32001601;Kraayensteinlaan;'s-Gravenhage;OB22088134;;;;;
htm-h32001602;HTM;H32001602;Kraayensteinlaan;'s-Gravenhage;OB19162823;;;;52,048896;4,236538
htm-h32001606-10161;HTM;H32001606-10161;Kraayensteinlaan;'s-Gravenhage;OB22088135;;;;;
htm-h32001607;HTM;H32001607;Kraayensteinlaan;'s-Gravenhage;OB22088136;;;;;
htm-h32000744;HTM;H32000744;Kranenburgweg;'s-Gravenhage;OB22088099;;;;;
htm-h32000745;HTM;H32000745;Kranenburgweg;'s-Gravenhage;OB22088100;;;;;
htm-h32000205-10500;HTM;H32000205-10500;Kurhausweg;'s-Gravenhage;OB19162826;;;;52,112026;4,283748
htm-h32000229-10336;HTM;H32000229-10336;Kurhausweg;'s-Gravenhage;OB19163139;;;;52,112686;4,283221
htm-h32002637-10572;HTM;H32002637-10572;Laan v Nw Oost Indie;'s-Gravenhage;OB19163313;;;;52,086542;4,336774
htm-h32002638-10590;HTM;H32002638-10590;Laan v Nw Oost Indie;'s-Gravenhage;OB19163314;;;;52,085919;4,337402
htm-h32002649-10526;HTM;H32002649-10526;Laan v Nw Oost Indie;'s-Gravenhage;OB19163312;;;;52,084407;4,339247
htm-h32002650-10553;HTM;H32002650-10553;Laan v Nw Oost Indie;'s-Gravenhage;OB19163315;;;;52,084264;4,339338
htm-h32002655-10663;HTM;H32002655-10663;Laan v Nw Oost Indie;'s-Gravenhage;OB19163310;;;;52,081648;4,34239
htm-h32002656-10605;HTM;H32002656-10605;Laan v Nw Oost Indie;'s-Gravenhage;OB19163311;;;;52,081827;4,34224
htm-h32002658-10945;HTM;H32002658-10945;Laan v Nw Oost Indie;'s-Gravenhage;OB19163309;;;;52,079148;4,345278
htm-h32002658-10957;HTM;H32002658-10957;Laan v Nw Oost Indie;'s-Gravenhage;OB22088165;;;;;
htm-h32002659-10919;HTM;H32002659-10919;Laan v Nw Oost Indie;'s-Gravenhage;OB22088166;;;;;
htm-h32002659-10961;HTM;H32002659-10961;Laan v Nw Oost Indie;'s-Gravenhage;OB19163307;;;;52,079363;4,345142
htm-h32004005-10537;HTM;H32004005-10537;Laan v Wateringseveld;'s-Gravenhage;OB19163328;;;;52,021933;4,29455
htm-h32004006-10556;HTM;H32004006-10556;Laan v Wateringseveld;'s-Gravenhage;OB19163326;;;;52,022935;4,294001
htm-h32004009-10649;HTM;H32004009-10649;Laan v Wateringseveld;'s-Gravenhage;OB19163318;;;;52,03132;4,286072
htm-h32004010-10900;HTM;H32004010-10900;Laan v Wateringseveld;'s-Gravenhage;OB19163317;;;;52,031588;4,285949
htm-h32004011-10852;HTM;H32004011-10852;Laan v Wateringseveld;'s-Gravenhage;OB19163323;;;;52,0262;4,290322
htm-h32004012-10877;HTM;H32004012-10877;Laan v Wateringseveld;'s-Gravenhage;OB19163321;;;;52,026521;4,290052
htm-h42013801-10479;HTM;H42013801-10479;Laan v Wateringseveld;'s-Gravenhage;OB19163319;;;;52,031265;4,285972
htm-h42013802-10382;HTM;H42013802-10382;Laan v Wateringseveld;'s-Gravenhage;OB19162833;;;;52,031549;4,286533
htm-h42014601-10144;HTM;H42014601-10144;Laan v Wateringseveld;'s-Gravenhage;OB19163324;;;;52,022661;4,293527
htm-h42014602-10150;HTM;H42014602-10150;Laan v Wateringseveld;'s-Gravenhage;OB19163327;;;;52,023167;4,293806
htm-h42017101-10799;HTM;H42017101-10799;Laan v Wateringseveld;'s-Gravenhage;OB19163332;;;;52,034491;4,283969
htm-h42017102;HTM;H42017102;Laan v Wateringseveld;'s-Gravenhage;OB19163333;;;;52,034491;4,283969
htm-h42017701-10086;HTM;H42017701-10086;Laan v Wateringseveld;'s-Gravenhage;OB19163320;;;;52,026368;4,29007
htm-h42017702-10149;HTM;H42017702-10149;Laan v Wateringseveld;'s-Gravenhage;OB19163322;;;;52,026727;4,289974
htm-h42017901-10145;HTM;H42017901-10145;Laan v Wateringseveld;'s-Gravenhage;OB19163329;;;;52,019862;4,297952
htm-h42017902-10147;HTM;H42017902-10147;Laan v Wateringseveld;'s-Gravenhage;OB19163325;;;;52,020822;4,296792
htm-h42018201-10089;HTM;H42018201-10089;Laan v Wateringseveld;'s-Gravenhage;OB19163331;;;;52,018273;4,302084
htm-h42018202-10088;HTM;H42018202-10088;Laan v Wateringseveld;'s-Gravenhage;OB19163330;;;;52,018701;4,301709
htm-h32005936-10372;HTM;H32005936-10372;Laan van Hoornwijk;'s-Gravenhage;OB19163251;;;;52,048295;4,353023
htm-h32005937-10385;HTM;H32005937-10385;Laan van Hoornwijk;'s-Gravenhage;OB19163252;;;;52,048346;4,352614
htm-h32005938-10408;HTM;H32005938-10408;Laan van Hoornwijk;'s-Gravenhage;OB19162834;;;;52,044101;4,361619
htm-h32005939-10472;HTM;H32005939-10472;Laan van Hoornwijk;'s-Gravenhage;OB19163334;;;;52,044101;4,361619
htm-h32005940-10520;HTM;H32005940-10520;Laan van Hoornwijk;'s-Gravenhage;OB19163248;;;;52,04067;4,368155
htm-h32005941-10450;HTM;H32005941-10450;Laan van Hoornwijk;'s-Gravenhage;OB22088246;;;;52,04528;4,35918
htm-h32005941-10559;HTM;H32005941-10559;Laan van Hoornwijk;'s-Gravenhage;OB22088245;;;;;
htm-h42015801-10323;HTM;H42015801-10323;Laan van hoornwijk;'s-Gravenhage;OB19162828;;;;52,048159;4,352866
htm-h32009589;HTM;H32009589;Laan van leidscheveen;'s-Gravenhage;OB22088261;;;;;
htm-h32009591-10600;HTM;H32009591-10600;Laan van leidscheveen;'s-Gravenhage;OB22088262;;;;;
htm-h32009591-10617;HTM;H32009591-10617;Laan van leidscheveen;'s-Gravenhage;OB19163258;;;;52,060613;4,395204
htm-h32009840-10236;HTM;H32009840-10236;Laan van leidscheveen;'s-Gravenhage;OB19163707;;;;52,055509;4,388989
htm-h32009841-10377;HTM;H32009841-10377;Laan van leidscheveen;'s-Gravenhage;OB19163254;;;;52,055336;4,388745
htm-h32009841-10484;HTM;H32009841-10484;Laan van leidscheveen;'s-Gravenhage;OB22088266;;;;;
htm-h42014901;HTM;H42014901;Laan van leidscheveen;'s-Gravenhage;OB22088315;;;;;
htm-h42017301-10397;HTM;H42017301-10397;Laan van leidscheveen;'s-Gravenhage;OB19162987;;;;52,055609;4,389088
htm-h32001119-10610;HTM;H32001119-10610;Laan van Meerdervoort;'s-Gravenhage;OB19163278;;;;52,0805;4,282542
htm-h32001119-10613;HTM;H32001119-10613;Laan van Meerdervoort;'s-Gravenhage;OB22088116;;;;;
htm-h32001120-10631;HTM;H32001120-10631;Laan van Meerdervoort;'s-Gravenhage;OB19163283;;;;52,080614;4,28321
htm-h32001213-10562;HTM;H32001213-10562;Laan van Meerdervoort;'s-Gravenhage;OB19163299;;;;52,071458;4,25702
htm-h32001213-10584;HTM;H32001213-10584;Laan van Meerdervoort;'s-Gravenhage;OB22088118;;;;;
htm-h32001214-10638;HTM;H32001214-10638;Laan van Meerdervoort;'s-Gravenhage;OB22088119;;;;;
htm-h32001214-10675;HTM;H32001214-10675;Laan van Meerdervoort;'s-Gravenhage;OB19163301;;;;52,070968;4,255647
htm-h32001217-10644;HTM;H32001217-10644;Laan van Meerdervoort;'s-Gravenhage;OB22088120;;;;;
htm-h32001217-10681;HTM;H32001217-10681;Laan van Meerdervoort;'s-Gravenhage;OB19163297;;;;52,073136;4,261427
htm-h32001218-10650;HTM;H32001218-10650;Laan van Meerdervoort;'s-Gravenhage;OB19163295;;;;52,073257;4,261861
htm-h32001218-10697;HTM;H32001218-10697;Laan van Meerdervoort;'s-Gravenhage;OB22088121;;;;;
htm-h32001415-10441;HTM;H32001415-10441;Laan van Meerdervoort;'s-Gravenhage;OB19162830;;;;52,063895;4,234446
htm-h32001416-10151;HTM;H32001416-10151;Laan van Meerdervoort;'s-Gravenhage;OB19163264;;;;52,063918;4,234912
htm-h32001416-10420;HTM;H32001416-10420;Laan van Meerdervoort;'s-Gravenhage;OB22088127;;;;;
htm-h32001419-10504;HTM;H32001419-10504;Laan van Meerdervoort;'s-Gravenhage;OB22088129;;;;;
htm-h32001421-10018;HTM;H32001421-10018;Laan van Meerdervoort;'s-Gravenhage;OB19163270;;;;52,065726;4,240553
htm-h32001423-10319;HTM;H32001423-10319;Laan van Meerdervoort;'s-Gravenhage;OB19163287;;;;52,065346;4,23944
htm-h32001424-10172;HTM;H32001424-10172;Laan van Meerdervoort;'s-Gravenhage;OB19163289;;;;52,065378;4,239891
htm-h32001424-10265;HTM;H32001424-10265;Laan van Meerdervoort;'s-Gravenhage;OB22088131;;;;;
htm-h32001801-10608;HTM;H32001801-10608;Laan van Meerdervoort;'s-Gravenhage;OB19163260;;;;52,062682;4,230758
htm-h32001802-10194;HTM;H32001802-10194;Laan van Meerdervoort;'s-Gravenhage;OB19163262;;;;52,062723;4,231297
htm-h32001802-10475;HTM;H32001802-10475;Laan van Meerdervoort;'s-Gravenhage;OB22088140;;;;;
htm-h32001903-10550;HTM;H32001903-10550;Laan van Meerdervoort;'s-Gravenhage;OB22088143;;;;;
htm-h32001903-10591;HTM;H32001903-10591;Laan van Meerdervoort;'s-Gravenhage;OB19163303;;;;52,06943;4,251748
htm-h32001904-10614;HTM;H32001904-10614;Laan van Meerdervoort;'s-Gravenhage;OB22088144;;;;;
htm-h32001904-10691;HTM;H32001904-10691;Laan van Meerdervoort;'s-Gravenhage;OB19163305;;;;52,0693;4,251299
htm-h32002003-10643;HTM;H32002003-10643;Laan van Meerdervoort;'s-Gravenhage;OB19163293;;;;52,074984;4,266719
htm-h32002003-10667;HTM;H32002003-10667;Laan van Meerdervoort;'s-Gravenhage;OB22088148;;;;;
htm-h32002004-10659;HTM;H32002004-10659;Laan van Meerdervoort;'s-Gravenhage;OB22088149;;;;;
htm-h32002004-10683;HTM;H32002004-10683;Laan van Meerdervoort;'s-Gravenhage;OB19163291;;;;52,075253;4,267573
htm-h32002005-10570;HTM;H32002005-10570;Laan van Meerdervoort;'s-Gravenhage;OB19163271;;;;52,076491;4,271102
htm-h32002006-10519;HTM;H32002006-10519;Laan van Meerdervoort;'s-Gravenhage;OB19163274;;;;52,076414;4,270564
htm-h32002010-10160;HTM;H32002010-10160;Laan van Meerdervoort;'s-Gravenhage;OB19163273;;;;52,078382;4,276146
htm-h32002010-10684;HTM;H32002010-10684;Laan van Meerdervoort;'s-Gravenhage;OB22088150;;;;;
htm-h32002011-10615;HTM;H32002011-10615;Laan van Meerdervoort;'s-Gravenhage;OB19163276;;;;52,078484;4,276567
htm-h32002011-10677;HTM;H32002011-10677;Laan van Meerdervoort;'s-Gravenhage;OB22088151;;;;;
htm-h32002201-10604;HTM;H32002201-10604;Laan van Meerdervoort;'s-Gravenhage;OB22088152;;;;;
htm-h32002201-10628;HTM;H32002201-10628;Laan van Meerdervoort;'s-Gravenhage;OB19163286;;;;52,082066;4,288485
htm-h32002202-10193;HTM;H32002202-10193;Laan van Meerdervoort;'s-Gravenhage;OB19163281;;;;52,0819;4,288052
htm-h32002202-10651;HTM;H32002202-10651;Laan van Meerdervoort;'s-Gravenhage;OB19163280;;;;52,0819;4,288052
htm-h32009807-10212;HTM;H32009807-10212;Laan van Nootdorp;'s-Gravenhage;OB19162832;;;;52,051366;4,384824
htm-h32009808-10396;HTM;H32009808-10396;Laan van Nootdorp;'s-Gravenhage;OB19163316;;;;52,051626;4,38473
htm-h32009809;HTM;H32009809;Laan van Nootdorp;'s-Gravenhage;OB22088263;;;;;
htm-h32002873-10234;HTM;H32002873-10234;Lange voorhout;'s-Gravenhage;OB19163336;;;;52,081397;4,309511
htm-h32003839-10807;HTM;H32003839-10807;Leeghwaterplein;'s-Gravenhage;OB22088238;;;;;
htm-h32003839-10993;HTM;H32003839-10993;Leeghwaterplein;'s-Gravenhage;OB19163503;;;;52,066386;4,321394
htm-h32003840-10835;HTM;H32003840-10835;Leeghwaterplein;'s-Gravenhage;OB22088239;;;;;
htm-h32003840-10899;HTM;H32003840-10899;Leeghwaterplein;'s-Gravenhage;OB19163338;;;;52,065932;4,321886
htm-h42021902;HTM;H42021902;Leyenburg;'s-Gravenhage;OB19162839;;;;52,057382;4,265608
htm-h32003209-10042;HTM;H32003209-10042;Leyweg;'s-Gravenhage;OB19163386;;;;52,05952;4,263549
htm-h32003210-10041;HTM;H32003210-10041;Leyweg;'s-Gravenhage;OB19163361;;;;52,059243;4,263672
htm-h32003419-10062;HTM;H32003419-10062;Leyweg;'s-Gravenhage;OB19163354;;;;52,046738;4,278696
htm-h32003420-10063;HTM;H32003420-10063;Leyweg;'s-Gravenhage;OB19163353;;;;52,046695;4,278857
htm-h32003426-10061;HTM;H32003426-10061;Leyweg;'s-Gravenhage;OB19163362;;;;52,043203;4,283215
htm-h32003427-10064;HTM;H32003427-10064;Leyweg;'s-Gravenhage;OB19163363;;;;52,043302;4,283183
htm-h32004015-10076;HTM;H32004015-10076;Leyweg;'s-Gravenhage;OB19163352;;;;52,040322;4,285574
htm-h32004016;HTM;H32004016;Leyweg;'s-Gravenhage;OB19162840;;;;52,040322;4,285574
htm-h42015001-10203;HTM;H42015001-10203;Libbelsingel;'s-Gravenhage;OB22088316;;;;;
htm-h42015002-10203;HTM;H42015002-10203;Libbelsingel;'s-Gravenhage;OB19162841;;;;52,062148;4,41544
htm-h32002820-10607;HTM;H32002820-10607;Lijnbaan;'s-Gravenhage;OB19163366;;;;52,073302;4,29913
htm-h32002820-10622;HTM;H32002820-10622;Lijnbaan;'s-Gravenhage;OB22088176;;;;;
htm-h32002822-10626;HTM;H32002822-10626;Lijnbaan;'s-Gravenhage;OB19163364;;;;52,072632;4,299657
htm-h32002822-10669;HTM;H32002822-10669;Lijnbaan;'s-Gravenhage;OB22088177;;;;;
htm-h32001708;HTM;H32001708;Lippe-Biesterfeldweg;'s-Gravenhage;OB22088137;;;;;
htm-h32001708-10399;HTM;H32001708-10399;Lippe-Biesterfeldweg;'s-Gravenhage;OB19162843;;;;52,054027;4,239205
htm-h32001822-10005;HTM;H32001822-10005;Lisztstraat;'s-Gravenhage;OB22088142;;;;;
htm-h32001823-10035;HTM;H32001823-10035;Lisztstraat;'s-Gravenhage;OB19162844;;;;52,055143;4,238404
htm-h32001417;HTM;H32001417;Lobelialaan;'s-Gravenhage;OB19163368;;;;52,064883;4,237104
htm-h32001418-10200;HTM;H32001418-10200;Lobelialaan;'s-Gravenhage;OB22088128;;;;;
htm-h32001411-10148;HTM;H32001411-10148;Lobeliastraat;'s-Gravenhage;OB19163367;;;;52,066639;4,235586
htm-h32001412-10143;HTM;H32001412-10143;Lobeliastraat;'s-Gravenhage;OB19162845;;;;52,067052;4,23556
htm-h32003438-10068;HTM;H32003438-10068;Loevesteinlaan;'s-Gravenhage;OB19163371;;;;52,051205;4,280568
htm-h32003439-10069;HTM;H32003439-10069;Loevesteinlaan;'s-Gravenhage;OB19163374;;;;52,051359;4,280724
htm-h32003601-10065;HTM;H32003601-10065;Loevesteinlaan;'s-Gravenhage;OB19163372;;;;52,048135;4,284828
htm-h32003612-10084;HTM;H32003612-10084;Loevesteinlaan;'s-Gravenhage;OB19162847;;;;52,044534;4,290004
htm-h32003613-10388;HTM;H32003613-10388;Loevesteinlaan;'s-Gravenhage;OB19163370;;;;52,044014;4,291154
htm-h42017401;HTM;H42017401;Loosduinse Hoofdstraat;'s-Gravenhage;OB22088319;;;;;
htm-h42017402;HTM;H42017402;Loosduinse Hoofdstraat;'s-Gravenhage;OB22088320;;;;;
htm-h32001709-10191;HTM;H32001709-10191;Loosduinse Hoofdstraat - HT;'s-Gravenhage;OB19163486;;;;52,055263;4,241507
htm-h32001710-10488;HTM;H32001710-10488;Loosduinse Hoofdstraat - HT;'s-Gravenhage;OB19162893;;;;52,055356;4,241825
htm-h32001921-10998;HTM;H32001921-10998;Loosduinsekade;'s-Gravenhage;OB19163375;;;;52,062858;4,260038
htm-h32001922-10742;HTM;H32001922-10742;Loosduinsekade;'s-Gravenhage;OB19163376;;;;52,062969;4,260399
htm-h32002903-10602;HTM;H32002903-10602;Loosduinsekade;'s-Gravenhage;OB19163390;;;;52,07297;4,292385
htm-h32002903-10625;HTM;H32002903-10625;Loosduinsekade;'s-Gravenhage;OB22088189;;;;;
htm-h32002904-10665;HTM;H32002904-10665;Loosduinsekade;'s-Gravenhage;OB22088190;;;;;
htm-h32002904-10668;HTM;H32002904-10668;Loosduinsekade;'s-Gravenhage;OB19163384;;;;52,073093;4,293067
htm-h32003003-10620;HTM;H32003003-10620;Loosduinsekade;'s-Gravenhage;OB22088200;;;;;
htm-h32003003-10641;HTM;H32003003-10641;Loosduinsekade;'s-Gravenhage;OB19163392;;;;52,070944;4,285331
htm-h32003004-10606;HTM;H32003004-10606;Loosduinsekade;'s-Gravenhage;OB19163385;;;;52,071178;4,286288
htm-h32003004-10693;HTM;H32003004-10693;Loosduinsekade;'s-Gravenhage;OB22088201;;;;;
htm-h32003107-10621;HTM;H32003107-10621;Loosduinsekade;'s-Gravenhage;OB19163382;;;;52,069348;4,279025
htm-h32003108-10636;HTM;H32003108-10636;Loosduinsekade;'s-Gravenhage;OB19163383;;;;52,069656;4,280257
htm-h32003203-10769;HTM;H32003203-10769;Loosduinsekade;'s-Gravenhage;OB19163377;;;;52,063816;4,262493
htm-h32003204-10921;HTM;H32003204-10921;Loosduinsekade;'s-Gravenhage;OB19163378;;;;52,063926;4,262694
htm-h32003205-10894;HTM;H32003205-10894;Loosduinsekade;'s-Gravenhage;OB19163379;;;;52,065409;4,266434
htm-h32003206-10933;HTM;H32003206-10933;Loosduinsekade;'s-Gravenhage;OB19163380;;;;52,065509;4,266592
htm-h32003101-10467;HTM;H32003101-10467;Loosduinseweg;'s-Gravenhage;OB19162851;;;;52,066861;4,27073
htm-h32003102-10642;HTM;H32003102-10642;Loosduinseweg;'s-Gravenhage;OB19162848;;;;52,06596;4,29827
htm-h32003103-10346;HTM;H32003103-10346;Loosduinseweg;'s-Gravenhage;OB19163387;;;;52,068399;4,275592
htm-h32003104-10689;HTM;H32003104-10689;Loosduinseweg;'s-Gravenhage;OB19163388;;;;52,068835;4,277083
htm-h32003358-10083;HTM;H32003358-10083;Lozerlaan;'s-Gravenhage;OB19162853;;;;52,034979;4,253948
htm-h32003359-10082;HTM;H32003359-10082;Lozerlaan;'s-Gravenhage;OB19163395;;;;52,035072;4,254281
htm-h32003363;HTM;H32003363;Lozerlaan;'s-Gravenhage;OB22088221;;;;;
htm-h32003364-10112;HTM;H32003364-10112;Lozerlaan;'s-Gravenhage;OB19163394;;;;52,031812;4,257453
htm-h32007119-10251;HTM;H32007119-10251;Maanweg;'s-Gravenhage;OB19162928;;;;52,067093;4,352312
htm-h32007120;HTM;H32007120;Maanweg;'s-Gravenhage;OB22088250;;;;;
htm-h32003409-10047;HTM;H32003409-10047;Maartensdijklaan;'s-Gravenhage;OB19163399;;;;52,053671;4,274237
htm-h32003410-10047;HTM;H32003410-10047;Maartensdijklaan;'s-Gravenhage;OB19163398;;;;52,053383;4,275075
htm-h32003436-10483;HTM;H32003436-10483;Maartensdijklaan;'s-Gravenhage;OB19162855;;;;52,04919;4,279378
htm-h32003437-10067;HTM;H32003437-10067;Maartensdijklaan;'s-Gravenhage;OB19163397;;;;52,049612;4,279412
htm-h32001514-10005;HTM;H32001514-10005;Machielvrijenhoeklaan;'s-Gravenhage;OB19162856;;;;52,066272;4,224744
htm-h32001677-10161;HTM;H32001677-10161;Marg. v Hennebergweg;'s-Gravenhage;OB19162858;;;;52,045518;4,240459
htm-h32000801-10474;HTM;H32000801-10474;Markenseplein;'s-Gravenhage;OB19162859;;;;52,08771;4,252349
htm-h32000809-10307;HTM;H32000809-10307;Markenseplein;'s-Gravenhage;OB19163401;;;;52,087791;4,252376
htm-h32003906-10182;HTM;H32003906-10182;Mecuriusweg;'s-Gravenhage;OB19162722;;;;52,068649;4,338128
htm-h32003858-10311;HTM;H32003858-10311;Megastores;'s-Gravenhage;OB19163685;;;;52,064789;4,314767
htm-h32003330-10539;HTM;H32003330-10539;Melis Stokelaan;'s-Gravenhage;OB19163423;;;;52,036655;4,260974
htm-h32003331-10477;HTM;H32003331-10477;Melis Stokelaan;'s-Gravenhage;OB19163422;;;;52,037123;4,261924
htm-h32003333-10593;HTM;H32003333-10593;Melis Stokelaan;'s-Gravenhage;OB19163421;;;;52,039511;4,266339
htm-h32003334-10507;HTM;H32003334-10507;Melis Stokelaan;'s-Gravenhage;OB19163420;;;;52,040006;4,267362
htm-h32003335-10720;HTM;H32003335-10720;Melis Stokelaan;'s-Gravenhage;OB19163419;;;;52,041205;4,26962
htm-h32003336-10789;HTM;H32003336-10789;Melis Stokelaan;'s-Gravenhage;OB19162863;;;;52,041323;4,269778
htm-h32003417-10728;HTM;H32003417-10728;Melis Stokelaan;'s-Gravenhage;OB19163425;;;;52,044465;4,275968
htm-h32003418-10792;HTM;H32003418-10792;Melis Stokelaan;'s-Gravenhage;OB19163434;;;;52,044556;4,276053
htm-h32003424-10647;HTM;H32003424-10647;Melis Stokelaan;'s-Gravenhage;OB19163431;;;;52,048245;4,283119
htm-h32003424-10695;HTM;H32003424-10695;Melis Stokelaan;'s-Gravenhage;OB22088229;;;;;
htm-h32003425-10661;HTM;H32003425-10661;Melis Stokelaan;'s-Gravenhage;OB19163429;;;;52,048464;4,283479
htm-h32003425-10673;HTM;H32003425-10673;Melis Stokelaan;'s-Gravenhage;OB22088230;;;;;
htm-h32003603;HTM;H32003603-;Melis Stokelaan;'s-Gravenhage;OB22088231;;;;;
htm-h32003603-10775;HTM;H32003603-10775;Melis Stokelaan;'s-Gravenhage;OB19163427;;;;52,052225;4,290618
htm-h32003604-10914;HTM;H32003604-10914;Melis Stokelaan;'s-Gravenhage;OB19163426;;;;52,052672;4,29135
htm-h32003607-10706;HTM;H32003607-10706;Melis Stokelaan;'s-Gravenhage;OB19163435;;;;52,055711;4,300154
htm-h32003327;HTM;H32003327;Melis Stokezijde;'s-Gravenhage;OB22088216;;;;;
htm-h32003328;HTM;H32003328;Melis Stokezijde;'s-Gravenhage;OB19162864;;;;52,034927;4,257928
htm-h32003329-10508;HTM;H32003329-10508;Melis Stokezijde;'s-Gravenhage;OB22088217;;;;;
htm-h32003305-10515;HTM;H32003305-10515;Meppelweg;'s-Gravenhage;OB19163436;;;;52,04258;4,249878
htm-h32003305-10546;HTM;H32003305-10546;Meppelweg;'s-Gravenhage;OB22088211;;;;;
htm-h32003306-10538;HTM;H32003306-10538;Meppelweg;'s-Gravenhage;OB19163437;;;;52,042342;4,249417
htm-h32003309-10592;HTM;H32003309-10592;Meppelweg;'s-Gravenhage;OB19163442;;;;52,045865;4,254984
htm-h32003310-10565;HTM;H32003310-10565;Meppelweg;'s-Gravenhage;OB19163449;;;;52,046067;4,255387
htm-h32003310-10580;HTM;H32003310-10580;Meppelweg;'s-Gravenhage;OB22088212;;;;;
htm-h32003311-10560;HTM;H32003311-10560;Meppelweg;'s-Gravenhage;OB19163445;;;;52,048057;4,25853
htm-h32003311-10564;HTM;H32003311-10564;Meppelweg;'s-Gravenhage;OB22088213;;;;;
htm-h32003312-10535;HTM;H32003312-10535;Meppelweg;'s-Gravenhage;OB22088214;;;;;
htm-h32003312-10568;HTM;H32003312-10568;Meppelweg;'s-Gravenhage;OB19163441;;;;52,047837;4,258098
htm-h32003401-10558;HTM;H32003401-10558;Meppelweg;'s-Gravenhage;OB19163446;;;;52,05019;4,262573
htm-h32003401-10588;HTM;H32003401-10588;Meppelweg;'s-Gravenhage;OB22088222;;;;;
htm-h32003402-10583;HTM;H32003402-10583;Meppelweg;'s-Gravenhage;OB19163439;;;;52,050023;4,262067
htm-h32003402-10594;HTM;H32003402-10594;Meppelweg;'s-Gravenhage;OB22088223;;;;;
htm-h32003408-10045;HTM;H32003408-10045;Meppelweg;'s-Gravenhage;OB19163447;;;;52,055428;4,274602
htm-h42012701-10482;HTM;H42012701-10482;Midachtenweg;'s-Gravenhage;OB19162868;;;;52,047793;4,30322
htm-h42012702-10110;HTM;H42012702-10110;Midachtenweg;'s-Gravenhage;OB19162907;;;;52,046972;4,303808
htm-h32004013-10630;HTM;H32004013-10630;Middenweg;'s-Gravenhage;OB19163452;;;;52,019637;4,295116
htm-h32004014-10676;HTM;H32004014-10676;Middenweg;'s-Gravenhage;OB19162870;;;;52,019998;4,296214
htm-h32001915-10364;HTM;H32001915-10364;Mient;'s-Gravenhage;OB19163454;;;;52,067155;4,258252
htm-h32001916-10026;HTM;H32001916-10026;Mient;'s-Gravenhage;OB19163455;;;;52,067458;4,258915
htm-h32001917-10028;HTM;H32001917-10028;Mient;'s-Gravenhage;OB22088147;;;;;
htm-h32001918-10027;HTM;H32001918-10027;Mient;'s-Gravenhage;OB19163456;;;;52,069111;4,263512
htm-h32002019-10030;HTM;H32002019-10030;Mient;'s-Gravenhage;OB19163453;;;;52,070679;4,269555
htm-h32002020-10029;HTM;H32002020-10029;Mient;'s-Gravenhage;OB19162871;;;;52,070645;4,269731
htm-h42011901-10058;HTM;H42011901-10058;Moerweg;'s-Gravenhage;OB19162873;;;;52,051124;4,298853
htm-h42011902-10057;HTM;H42011902-10057;Moerweg;'s-Gravenhage;OB19163457;;;;52,051564;4,298769
htm-h42016701-10439;HTM;H42016701-10439;Moerweg;'s-Gravenhage;OB19163458;;;;52,054186;4,296533
htm-h42016702-10051;HTM;H42016702-10051;Moerweg;'s-Gravenhage;OB19163459;;;;52,054701;4,295937
htm-h42019901-10055;HTM;H42019901-10055;Moerweg;'s-Gravenhage;OB19163460;;;;52,058839;4,29238
htm-h42019902-10052;HTM;H42019902-10052;Moerweg;'s-Gravenhage;OB19163461;;;;52,057933;4,29354
htm-h42017501;HTM;H42017501;Monsterseweg;'s-Gravenhage;OB22088321;;;;;
htm-h42017502-10079;HTM;H42017502-10079;Monsterseweg;'s-Gravenhage;OB19162875;;;;52,049025;4,222247
htm-h42017801-10106;HTM;H42017801-10106;Monsterseweg;'s-Gravenhage;OB19163462;;;;52,04615;4,209726
htm-h42017802-10105;HTM;H42017802-10105;Monsterseweg;'s-Gravenhage;OB19163463;;;;52,046062;4,209976
htm-h42011801;HTM;H42011801;Mosselsingel;'s-Gravenhage;OB22088310;;;;;
htm-h42011802-10207;HTM;H42011802-10207;Mosselsingel;'s-Gravenhage;OB19162876;;;;52,065427;4,410877
htm-h32001403-10010;HTM;H32001403-10010;Muurbloemweg;'s-Gravenhage;OB19163467;;;;52,068152;4,232207
htm-h32001404;HTM;H32001404;Muurbloemweg;'s-Gravenhage;OB19162878;;;;52,068152;4,232207
htm-h32000510-10272;HTM;H32000510-10272;Nassauplein;'s-Gravenhage;OB19162880;;;;52,090243;4,305635
htm-h32000511-10215;HTM;H32000511-10215;Nassauplein;'s-Gravenhage;OB19163471;;;;52,089765;4,305544
htm-h32003843-10304;HTM;H32003843-10304;Neherkade;'s-Gravenhage;OB19162881;;;;52,058673;4,312406
htm-h32003844-10338;HTM;H32003844-10338;Neherkade;'s-Gravenhage;OB19163472;;;;52,058645;4,312246
htm-h32001205-10157;HTM;H32001205-10157;Nieboerweg;'s-Gravenhage;OB19162882;;;;52,080432;4,260105
htm-h32001206-10185;HTM;H32001206-10185;Nieboerweg;'s-Gravenhage;OB19163473;;;;52,0802;4,260374
htm-h32001301;HTM;H32001301;Nieboerweg;'s-Gravenhage;OB22088122;;;;;
htm-h32001302-10386;HTM;H32001302-10386;Nieboerweg;'s-Gravenhage;OB19163475;;;;52,084387;4,258284
htm-h32000725-10223;HTM;H32000725-10223;Nieuwe duinweg;'s-Gravenhage;OB19163476;;;;52,104608;4,286398
htm-h32000726-10189;HTM;H32000726-10189;Nieuwe duinweg;'s-Gravenhage;OB19162883;;;;52,107066;4,288717
htm-h32000727;HTM;H32000727;Nieuwe duinweg;'s-Gravenhage;OB22088094;;;;;
htm-h32000303-10326;HTM;H32000303-10326;Nieuwe parklaan;'s-Gravenhage;OB19162885;;;;52,101565;4,297435
htm-h32000304-10521;HTM;H32000304-10521;Nieuwe parklaan;'s-Gravenhage;OB22088075;;;;;
htm-h32000728-10421;HTM;H32000728-10421;Nieuwe parklaan;'s-Gravenhage;OB19163477;;;;52,107545;4,289012
htm-h32000729-10928;HTM;H32000729-10928;Nieuwe parklaan;'s-Gravenhage;OB19163478;;;;52,107545;4,289012
htm-h42019801-10871;HTM;H42019801-10871;Noordkrompsingel;'s-Gravenhage;OB22088324;;;;;
htm-h42019802;HTM;H42019802;Noordkrompsingel;'s-Gravenhage;OB22088325;;;;;
htm-h32009810-10596;HTM;H32009810-10596;Nootdorpse landingsln;'s-Gravenhage;OB19162888;;;;52,044875;4,377301
htm-h32009811-10586;HTM;H32009811-10586;Nootdorpse landingsln;'s-Gravenhage;OB19163480;;;;52,04441;4,376539
htm-h32009812-10984;HTM;H32009812-10984;Nootdorpse landingsln;'s-Gravenhage;OB22088264;;;;;
htm-h32009813-10842;HTM;H32009813-10842;Nootdorpse landingsln;'s-Gravenhage;OB22088265;;;;;
htm-h32001872-10094;HTM;H32001872-10094;Ockenburghstraat;'s-Gravenhage;OB19162889;;;;52,058308;4,226584
htm-h32001873-10116;HTM;H32001873-10116;Ockenburghstraat;'s-Gravenhage;OB19163481;;;;52,058555;4,226082
htm-h32000411-10415;HTM;H32000411-10415;Oostduinlaan;'s-Gravenhage;OB19163485;;;;52,09667;4,311638
htm-h32000417-10470;HTM;H32000417-10470;Oostduinlaan;'s-Gravenhage;OB19163483;;;;52,095243;4,312767
htm-h32000418-10449;HTM;H32000418-10449;Oostduinlaan;'s-Gravenhage;OB19162891;;;;52,094526;4,313062
htm-h32000447;HTM;H32000447;Oostduinlaan;'s-Gravenhage;OB22088085;;;;;
htm-h32000448-10318;HTM;H32000448-10318;Oostduinlaan;'s-Gravenhage;OB19163484;;;;52,091761;4,315419
htm-h32001810-10627;HTM;H32001810-10627;Oude haagweg;'s-Gravenhage;OB19163493;;;;52,056535;4,245674
htm-h32001811-10639;HTM;H32001811-10639;Oude haagweg;'s-Gravenhage;OB19163490;;;;52,056834;4,246789
htm-h32001824-10542;HTM;H32001824-10542;Oude Haagweg;'s-Gravenhage;OB19163491;;;;52,056607;4,245672
htm-h32001825-10393;HTM;H32001825-10393;Oude Haagweg;'s-Gravenhage;OB19163489;;;;52,056566;4,246096
htm-h32001919-10576;HTM;H32001919-10576;Oude Haagweg;'s-Gravenhage;OB19163488;;;;52,060078;4,254172
htm-h32001920-10541;HTM;H32001920-10541;Oude Haagweg;'s-Gravenhage;OB19163487;;;;52,060638;4,255354
htm-h32000410;HTM;H32000410;Oude Waaldorperweg;'s-Gravenhage;OB22088080;;;;;
htm-h32003809-10858;HTM;H32003809-10858;Oudemansstraat;'s-Gravenhage;OB19163340;;;;52,063202;4,325087
htm-h32003809-10880;HTM;H32003809-10880;Oudemansstraat;'s-Gravenhage;OB22088233;;;;;
htm-h32003810-10853;HTM;H32003810-10853;Oudemansstraat;'s-Gravenhage;OB19163505;;;;52,062691;4,325332
htm-h32003810-10861;HTM;H32003810-10861;Oudemansstraat;'s-Gravenhage;OB22088234;;;;;
htm-h32003823-10941;HTM;H32003823-10941;Oudemansstraat;'s-Gravenhage;OB19163393;;;;52,060511;4,327506
htm-h32003823-10968;HTM;H32003823-10968;Oudemansstraat;'s-Gravenhage;OB19163500;;;;52,06147;4,32647
htm-h32003824-10771;HTM;H32003824-10771;Oudemansstraat;'s-Gravenhage;OB22088236;;;;;
htm-h32003824-10917;HTM;H32003824-10917;Oudemansstraat;'s-Gravenhage;OB22088237;;;;;
htm-h32002915-10263;HTM;H32002915-10263;Paletplein;'s-Gravenhage;OB19162898;;;;52,06887;4,302972
htm-h32002916-10176;HTM;H32002916-10176;Paletplein;'s-Gravenhage;OB22088192;;;;;
htm-h32002927-10460;HTM;H32002927-10460;Parallelweg;'s-Gravenhage;OB19163510;;;;52,066039;4,314796
htm-h32002927-10918;HTM;H32002927-10918;Parallelweg;'s-Gravenhage;OB22088196;;;;;
htm-h32002928-10923;HTM;H32002928-10923;Parallelweg;'s-Gravenhage;OB22088197;;;;;
htm-h32002928-10935;HTM;H32002928-10935;Parallelweg;'s-Gravenhage;OB19163511;;;;52,065939;4,314711
htm-h32003002-10768;HTM;H32003002-10768;Paul Krugerlaan;'s-Gravenhage;OB19163381;;;;52,070619;4,285193
htm-h32003006-10159;HTM;H32003006-10159;Paul Krugerlaan;'s-Gravenhage;OB19162901;;;;52,068888;4,289451
htm-h32003007-10652;HTM;H32003007-10652;Paul Krugerlaan;'s-Gravenhage;OB19163513;;;;52,068485;4,289563
htm-h32003005-10738;HTM;H32003005-10738;Paul Krugerplein;'s-Gravenhage;OB22088202;;;;;
htm-h32003008-10618;HTM;H32003008-10618;Paul Krugerplein;'s-Gravenhage;OB19163514;;;;52,068599;4,290216
htm-h32009584-10801;HTM;H32009584-10801;Pijlkruidveld;'s-Gravenhage;OB19163519;;;;52,071818;4,401125
htm-h32009585-10840;HTM;H32009585-10840;Pijlkruidveld;'s-Gravenhage;OB19163520;;;;52,072058;4,400843
htm-h32009586-10866;HTM;H32009586-10866;Pijlkruidveld;'s-Gravenhage;OB19162903;;;;52,068789;4,405495
htm-h32009587-10891;HTM;H32009587-10891;Pijlkruidveld;'s-Gravenhage;OB19163518;;;;52,069012;4,405227
htm-h32001805-10170;HTM;H32001805-10170;Pisuissestraat;'s-Gravenhage;OB19163521;;;;52,057135;4,227956
htm-h32001806-10233;HTM;H32001806-10233;Pisuissestraat;'s-Gravenhage;OB19163522;;;;52,057413;4,22792
htm-h32001818-10155;HTM;H32001818-10155;Pisuissestraat;'s-Gravenhage;OB19162904;;;;52,05464;4,232891
htm-h32001834-10096;HTM;H32001834-10096;Pisuissestraat;'s-Gravenhage;OB19163523;;;;52,057495;4,227976
htm-h32001835-10100;HTM;H32001835-10100;Pisuissestraat;'s-Gravenhage;OB19163524;;;;52,057161;4,227868
htm-h32000311-10316;HTM;H32000311-10316;Plesmanweg;'s-Gravenhage;OB19162905;;;;52,100351;4,301303
htm-h32000312-10227;HTM;H32000312-10227;Plesmanweg;'s-Gravenhage;OB19163525;;;;52,100694;4,301441
htm-h32000804;HTM;H32000804;Pluvierstraat;'s-Gravenhage;OB22088101;;;;;
htm-h32000305;HTM;H32000305;Pompstationweg;'s-Gravenhage;OB22088076;;;;;
htm-h32000306;HTM;H32000306;Pompstationweg;'s-Gravenhage;OB22088077;;;;;
htm-h32001209-10015;HTM;H32001209-10015;President Kennedylaan;'s-Gravenhage;OB19162934;;;;52,085158;4,27322
htm-h42018101-10373;HTM;H42018101-10373;Prins Clauslaan;'s-Gravenhage;OB19162910;;;;52,082539;4,328319
htm-h32000909;HTM;H32000909;Prins Mauritslaan;'s-Gravenhage;OB22088105;;;;;
htm-h32000910-10389;HTM;H32000910-10389;Prins Mauritsplein;'s-Gravenhage;OB19163125;;;;52,095478;4,278027
htm-h32000911-10315;HTM;H32000911-10315;Prins Mauritsplein;'s-Gravenhage;OB19163126;;;;52,095488;4,278114
htm-h32002821-10199;HTM;H32002821-10199;Prinsengracht;'s-Gravenhage;OB19163531;;;;52,073492;4,303166
htm-h32002823-10680;HTM;H32002823-10680;Prinsengracht;'s-Gravenhage;OB19163533;;;;52,073901;4,304673
htm-h32002823-10725;HTM;H32002823-10725;Prinsengracht;'s-Gravenhage;OB22088178;;;;;
htm-h32002824-10761;HTM;H32002824-10761;Prinsengracht;'s-Gravenhage;OB19163530;;;;52,073595;4,303689
htm-h32002824-10781;HTM;H32002824-10781;Prinsengracht;'s-Gravenhage;OB22088179;;;;;
htm-h32002828-10196;HTM;H32002828-10196;Prinsengracht;'s-Gravenhage;OB19162912;;;;52,07496;4,307361
htm-h32002828-10275;HTM;H32002828-10275;Prinsengracht;'s-Gravenhage;OB22088180;;;;;
htm-h32002875-10335;HTM;H32002875-10335;Prinsengracht;'s-Gravenhage;OB22088188;;;;;
htm-h42013101-10987;HTM;H42013101-10987;Prinses Beatrixlaan;'s-Gravenhage;OB19163536;;;;52,077642;4,337596
htm-h42013102-10988;HTM;H42013102-10988;Prinses Beatrixlaan;'s-Gravenhage;OB19163535;;;;52,077599;4,337889
htm-h42014101-10904;HTM;H42014101-10904;Prinses Beatrixlaan;'s-Gravenhage;OB19163537;;;;52,081448;4,332999
htm-h42067701-10990;HTM;H42067701-10990;Prinses Beatrixlaan;'s-Gravenhage;OB19163538;;;;52,080542;4,334246
htm-h42067702-10953;HTM;H42067702-10953;Prinses Beatrixlaan;'s-Gravenhage;OB19163534;;;;52,079507;4,335131
htm-h32002810-10922;HTM;H32002810-10922;Prinsessegracht;'s-Gravenhage;OB19162914;;;;52,083787;4,317244
htm-h32002811-10674;HTM;H32002811-10674;Prinsessegracht;'s-Gravenhage;OB19163541;;;;52,083572;4,317395
htm-h32003001-10740;HTM;H32003001-10740;Regentesselaan;'s-Gravenhage;OB19162916;;;;52,0711;4,28467
htm-h32002601-10999;HTM;H32002601-10999;Rijnstraat;'s-Gravenhage;OB19163552;;;;52,080507;4,323319
htm-h32002602-10863;HTM;H32002602-10863;Rijnstraat;'s-Gravenhage;OB22088160;;;;;
htm-h32002602-10864;HTM;H32002602-10864;Rijnstraat;'s-Gravenhage;OB22088161;;;;;
htm-h32002604-10216;HTM;H32002604-10216;Rijnstraat;'s-Gravenhage;OB22088162;;;;;
htm-h32002604-10217;HTM;H32002604-10217;Rijnstraat;'s-Gravenhage;OB19163548;;;;52,080507;4,323319
htm-h32002604-10218;HTM;H32002604-10218;Rijnstraat;'s-Gravenhage;OB19163551;;;;52,080507;4,323319
htm-h32002604-10310;HTM;H32002604-10310;Rijnstraat;'s-Gravenhage;OB19163547;;;;52,080507;4,323319
htm-h32002604-10370;HTM;H32002604-10370;Rijnstraat;'s-Gravenhage;OB19163549;;;;52,080507;4,323319
htm-h32002604-10451;HTM;H32002604-10451;Rijnstraat;'s-Gravenhage;OB19163550;;;;52,080507;4,323319
htm-h32005944-10813;HTM;H32005944-10813;Rijswijkse landingsln;'s-Gravenhage;OB19162762;;;;52,039119;4,368598
htm-h32005945-10898;HTM;H32005945-10898;Rijswijkse landingsln;'s-Gravenhage;OB19163127;;;;52,039538;4,369288
htm-h32005946-10887;HTM;H32005946-10887;Rijswijkse landingsln;'s-Gravenhage;OB19162919;;;;52,03543;4,363071
htm-h32005947-10834;HTM;H32005947-10834;Rijswijkse landingsln;'s-Gravenhage;OB19163556;;;;52,035823;4,363718
htm-h32002705-10501;HTM;H32002705-10501;Rijswijkseplein;'s-Gravenhage;OB22088168;;;;;
htm-h32002705-10545;HTM;H32002705-10545;Rijswijkseplein;'s-Gravenhage;OB22088169;;;;;
htm-h32002706-10548;HTM;H32002706-10548;Rijswijkseplein;'s-Gravenhage;OB22088170;;;;;
htm-h42010101;HTM;H42010101;Rijswijksewaterweg;'s-Gravenhage;OB22088308;;;;;
htm-h42010102-10302;HTM;H42010102-10302;Rijswijksewaterweg;'s-Gravenhage;OB19163560;;;;52,035513;4,374758
htm-h42020001;HTM;H42020001;Rijswijksewaterweg;'s-Gravenhage;OB22088326;;;;;
htm-h42020002-10387;HTM;H42020002-10387;Rijswijksewaterweg;'s-Gravenhage;OB19163559;;;;52,031948;4,366838
htm-h42072901;HTM;H42072901;Rijswijksewaterweg;'s-Gravenhage;OB22088362;;;;;
htm-h42072902-10490;HTM;H42072902-10490;Rijswijksewaterweg;'s-Gravenhage;OB19163561;;;;52,032376;4,383063
htm-h32003801-10527;HTM;H32003801-10527;Rijswijkseweg;'s-Gravenhage;OB19163566;;;;52,068214;4,327724
htm-h32003801-10575;HTM;H32003801-10575;Rijswijkseweg;'s-Gravenhage;OB22088232;;;;;
htm-h32003802-10587;HTM;H32003802-10587;Rijswijkseweg;'s-Gravenhage;OB19162922;;;;52,06792;4,327979
htm-h32003813-10589;HTM;H32003813-10589;Rijswijkseweg;'s-Gravenhage;OB19163569;;;;52,064749;4,330227
htm-h32003814-10582;HTM;H32003814-10582;Rijswijkseweg;'s-Gravenhage;OB19163570;;;;52,065741;4,329635
htm-h32003827-10518;HTM;H32003827-10518;Rijswijkseweg;'s-Gravenhage;OB19163564;;;;52,062744;4,332156
htm-h32003828-10523;HTM;H32003828-10523;Rijswijkseweg;'s-Gravenhage;OB19163563;;;;52,062066;4,332755
htm-h32003837-10826;HTM;H32003837-10826;Rijswijkseweg;'s-Gravenhage;OB19163562;;;;52,060141;4,334624
htm-h32012705-10624;HTM;H32012705-10624;Rijswijkseweg;'s-Gravenhage;OB19163688;;;;52,069596;4,32651
htm-h32012705-10648;HTM;H32012705-10648;Rijswijkseweg;'s-Gravenhage;OB22088267;;;;;
htm-h32012706-10664;HTM;H32012706-10664;Rijswijkseweg;'s-Gravenhage;OB19163687;;;;52,069596;4,32651
htm-h32012706-10685;HTM;H32012706-10685;Rijswijkseweg;'s-Gravenhage;OB22088268;;;;;
htm-h32000938-10730;HTM;H32000938-10730;Rooseveltplantsoen;'s-Gravenhage;OB19163571;;;;52,095622;4,285671
htm-h32000939-10796;HTM;H32000939-10796;Rooseveltplantsoen;'s-Gravenhage;OB19162923;;;;52,095492;4,285295
htm-h32002909-10303;HTM;H32002909-10303;Ruijsdaelstraat;'s-Gravenhage;OB19163574;;;;52,069525;4,299908
htm-h32002910-10478;HTM;H32002910-10478;Ruijsdaelstraat;'s-Gravenhage;OB19162926;;;;52,069662;4,300152
htm-h32000412;HTM;H32000412;Ruychrocklaan;'s-Gravenhage;OB22088081;;;;;
htm-h32000413;HTM;H32000413;Ruychrocklaan;'s-Gravenhage;OB22088082;;;;;
htm-h32000414-10425;HTM;H32000414-10425;Ruychrocklaan;'s-Gravenhage;OB19162925;;;;52,098641;4,315853
htm-h32001419-10534;HTM;H32001419-10534;Savornin Lohmanplein;'s-Gravenhage;OB19163267;;;;52,067317;4,246113
htm-h32001420-10512;HTM;H32001420-10512;Savornin Lohmanplein;'s-Gravenhage;OB19163269;;;;52,06714;4,245476
htm-h32001420-10514;HTM;H32001420-10514;Savornin Lohmanplein;'s-Gravenhage;OB22088130;;;;;
htm-h32001428-10513;HTM;H32001428-10513;Savornin Lohmanplein;'s-Gravenhage;OB19162737;;;;52,067852;4,245706
htm-h32003119;HTM;H32003119;Schaarsbergenstraat;'s-Gravenhage;OB22088205;;;;;
htm-h32003120-10050;HTM;H32003120-10050;Schaarsbergenstraat;'s-Gravenhage;OB19162929;;;;52,062013;4,283786
htm-h32002857-10806;HTM;H32002857-10806;Schedeldoekshaven;'s-Gravenhage;OB19163577;;;;52,044853;4,360261
htm-h32002871-10222;HTM;H32002871-10222;Schedeldoekshaven;'s-Gravenhage;OB22088186;;;;;
htm-h32002871-10313;HTM;H32002871-10313;Schedeldoekshaven;'s-Gravenhage;OB19163667;;;;52,079195;4,32335
htm-h32002872-10167;HTM;H32002872-10167;Schedeldoekshaven;'s-Gravenhage;OB19162972;;;;52,079417;4,32406
htm-h32002872-10169;HTM;H32002872-10169;Schedeldoekshaven;'s-Gravenhage;OB19163576;;;;52,079236;4,323594
htm-h32002872-10247;HTM;H32002872-10247;Schedeldoekshaven;'s-Gravenhage;OB19163665;;;;52,079417;4,32406
htm-h32002872-10260;HTM;H32002872-10260;Schedeldoekshaven;'s-Gravenhage;OB22088187;;;;;
htm-h32000501-10153;HTM;H32000501-10153;Scheveningseweg;'s-Gravenhage;OB19163587;;;;52,089856;4,293897
htm-h32000502-10306;HTM;H32000502-10306;Scheveningseweg;'s-Gravenhage;OB19163588;;;;52,089661;4,294194
htm-h32000507-10281;HTM;H32000507-10281;Scheveningseweg;'s-Gravenhage;OB19163578;;;;52,08725;4,297872
htm-h32000508-10495;HTM;H32000508-10495;Scheveningseweg;'s-Gravenhage;OB19163589;;;;52,087288;4,298133
htm-h32000509-10262;HTM;H32000509-10262;Scheveningseweg;'s-Gravenhage;OB19162931;;;;52,087251;4,29901
htm-h32000722-10623;HTM;H32000722-10623;Scheveningseweg;'s-Gravenhage;OB19163583;;;;52,101967;4,278917
htm-h32000723-10156;HTM;H32000723-10156;Scheveningseweg;'s-Gravenhage;OB19163584;;;;52,102163;4,278737
htm-h32000906-10165;HTM;H32000906-10165;Scheveningseweg;'s-Gravenhage;OB19163582;;;;52,100386;4,280941
htm-h32000907-10637;HTM;H32000907-10637;Scheveningseweg;'s-Gravenhage;OB19163581;;;;52,099515;4,281955
htm-h32000921-10179;HTM;H32000921-10179;Scheveningseweg;'s-Gravenhage;OB19163579;;;;52,096308;4,285975
htm-h32000922-10398;HTM;H32000922-10398;Scheveningseweg;'s-Gravenhage;OB19163580;;;;52,096103;4,28617
htm-h32001001-10242;HTM;H32001001-10242;Scheveningseweg;'s-Gravenhage;OB19163586;;;;52,093321;4,28961
htm-h32001002-10645;HTM;H32001002-10645;Scheveningseweg;'s-Gravenhage;OB19163585;;;;52,093242;4,289757
htm-h32000901-10173;HTM;H32000901-10173;Scholstraat;'s-Gravenhage;OB19163084;;;;52,096588;4,27187
htm-h32000902-10347;HTM;H32000902-10347;Scholstraat;'s-Gravenhage;OB19162747;;;;52,096414;4,271524
htm-h32003807-10322;HTM;H32003807-10322;Slachthuislaan;'s-Gravenhage;OB19162936;;;;52,061146;4,318471
htm-h32003808-10198;HTM;H32003808-10198;Slachthuislaan;'s-Gravenhage;OB19163594;;;;52,06102;4,31846
htm-h32001201-10011;HTM;H32001201-10011;Sportlaan;'s-Gravenhage;OB19162937;;;;52,078051;4,254651
htm-h32001202-10009;HTM;H32001202-10009;Sportlaan;'s-Gravenhage;OB19163595;;;;52,078228;4,255244
htm-h32001203-10139;HTM;H32001203-10139;Sportlaan;'s-Gravenhage;OB19163597;;;;52,080465;4,260746
htm-h32001204-10107;HTM;H32001204-10107;Sportlaan;'s-Gravenhage;OB19163596;;;;52,080159;4,259791
htm-h32001207-10013;HTM;H32001207-10013;Sportlaan;'s-Gravenhage;OB19163599;;;;52,08235;4,265266
htm-h32001208-10012;HTM;H32001208-10012;Sportlaan;'s-Gravenhage;OB19163600;;;;52,082055;4,264412
htm-h32001210-10014;HTM;H32001210-10014;Sportlaan;'s-Gravenhage;OB19163598;;;;52,085111;4,27201
htm-h32001305-10007;HTM;H32001305-10007;Sportlaan;'s-Gravenhage;OB19163604;;;;52,075909;4,249658
htm-h32001306;HTM;H32001306;Sportlaan;'s-Gravenhage;OB22088123;;;;;
htm-h32001307-10008;HTM;H32001307-10008;Sportlaan;'s-Gravenhage;OB19163605;;;;52,06743;4,3482
htm-h32001308;HTM;H32001308;Sportlaan;'s-Gravenhage;OB22088124;;;;;
htm-h32002832-10779;HTM;H32002832-10779;Spui;'s-Gravenhage;OB22088181;;;;;
htm-h32002832-10782;HTM;H32002832-10782;Spui;'s-Gravenhage;OB19163606;;;;52,077812;4,314572
htm-h32002833-10712;HTM;H32002833-10712;Spui;'s-Gravenhage;OB22088182;;;;;
htm-h32002833-10774;HTM;H32002833-10774;Spui;'s-Gravenhage;OB19163608;;;;52,078256;4,313934
htm-h32002851-10910;HTM;H32002851-10910;Spui;'s-Gravenhage;OB19163609;;;;52,075214;4,319521
htm-h32002852-10911;HTM;H32002852-10911;Spui;'s-Gravenhage;OB22088183;;;;;
htm-h32001104-10211;HTM;H32001104-10211;Stadhouderslaan;'s-Gravenhage;OB19163610;;;;52,088707;4,279698
htm-h32001105-10496;HTM;H32001105-10496;Stadhouderslaan;'s-Gravenhage;OB19163612;;;;52,088976;4,279604
htm-h32001107-10333;HTM;H32001107-10333;Stadhouderslaan;'s-Gravenhage;OB19163611;;;;52,088397;4,280158
htm-h32001115-10253;HTM;H32001115-10253;Stadhouderslaan;'s-Gravenhage;OB19162940;;;;52,085114;4,282778
htm-h32000903-10436;HTM;H32000903-10436;Statenlaan;'s-Gravenhage;OB19163613;;;;52,095198;4,272153
htm-h32000908;HTM;H32000908-;Statenlaan;'s-Gravenhage;OB22088104;;;;;
htm-h32000912;HTM;H32000912-;Statenlaan;'s-Gravenhage;OB22088106;;;;;
htm-h32000915-10291;HTM;H32000915-10291;Statenlaan;'s-Gravenhage;OB19163615;;;;52,092848;4,275568
htm-h32000916;HTM;H32000916-;Statenlaan;'s-Gravenhage;OB22088108;;;;;
htm-h32000941-10443;HTM;H32000941-10443;Statenlaan;'s-Gravenhage;OB19163614;;;;52,094085;4,27326
htm-h32000942-10294;HTM;H32000942-10294;Statenlaan;'s-Gravenhage;OB19162941;;;;52,094103;4,273318
htm-h32000925-10465;HTM;H32000925-10465;Statenplein;'s-Gravenhage;OB19163616;;;;52,091283;4,278292
htm-h32000926;HTM;H32000926;Statenplein;'s-Gravenhage;OB22088111;;;;;
htm-h32000945-10202;HTM;H32000945-10202;Statenplein;'s-Gravenhage;OB19162942;;;;52,090685;4,277781
htm-h32000222-10438;HTM;H32000222-10438;Stevinstraat;'s-Gravenhage;OB19162945;;;;52,110619;4,290951
htm-h32000223-10348;HTM;H32000223-10348;Stevinstraat;'s-Gravenhage;OB19163138;;;;52,111312;4,295898
htm-h32000224-10226;HTM;H32000224-10226;Stevinstraat;'s-Gravenhage;OB19163625;;;;52,111281;4,296395
htm-h32000701-10561;HTM;H32000701-10561;Strandweg;'s-Gravenhage;OB19162946;;;;52,106426;4,270413
htm-h32002651-10246;HTM;H32002651-10246;Stuyvesantplein;'s-Gravenhage;OB19162947;;;;52,08462;4,342948
htm-h42017601-10087;HTM;H42017601-10087;Symfoniestraat;'s-Gravenhage;OB19162948;;;;52,052313;4,229364
htm-h42017602-10395;HTM;H42017602-10395;Symfoniestraat;'s-Gravenhage;OB19163626;;;;52,052452;4,229754
htm-h32003121;HTM;H32003121;Terletweg;'s-Gravenhage;OB22088206;;;;;
htm-h32003122-10298;HTM;H32003122-10298;Terletweg;'s-Gravenhage;OB19162949;;;;52,063464;4,288957
htm-h32000803-10205;HTM;H32000803-10205;Tesselseplein;'s-Gravenhage;OB19162950;;;;52,090104;4,258315
htm-h32000807;HTM;H32000807;Tesselsestraat;'s-Gravenhage;OB22088103;;;;;
htm-h32000808-10015;HTM;H32000808-10015;Tesselsestraat;'s-Gravenhage;OB19163474;;;;52,090314;4,262352
htm-h32000408;HTM;H32000408;Theo M Bouwmeesterln;'s-Gravenhage;OB22088079;;;;;
htm-h32000409-10375;HTM;H32000409-10375;Theo M Bouwmeesterln;'s-Gravenhage;OB19162951;;;;52,105388;4,325369
htm-h32002631-10378;HTM;H32002631-10378;Theresiastraat;'s-Gravenhage;OB19163627;;;;52,082793;4,32964
htm-h32002632-10457;HTM;H32002632-10457;Theresiastraat;'s-Gravenhage;OB19163628;;;;52,083406;4,330852
htm-h32002633-10462;HTM;H32002633-10462;Theresiastraat;'s-Gravenhage;OB19163629;;;;52,084459;4,333015
htm-h32002634-10180;HTM;H32002634-10180;Theresiastraat;'s-Gravenhage;OB19163630;;;;52,084498;4,333335
htm-h32002635-10429;HTM;H32002635-10429;Theresiastraat;'s-Gravenhage;OB19163028;;;;52,085899;4,33625
htm-h32002636-10447;HTM;H32002636-10447;Theresiastraat;'s-Gravenhage;OB19162716;;;;52,085663;4,335978
htm-h32002639-10411;HTM;H32002639-10411;Theresiastraat;'s-Gravenhage;OB19162952;;;;52,087304;4,339529
htm-h32002640-10435;HTM;H32002640-10435;Theresiastraat;'s-Gravenhage;OB19163631;;;;52,087879;4,340551
htm-h32001907-10022;HTM;H32001907-10022;Thorbeckelaan;'s-Gravenhage;OB19162953;;;;52,066839;4,247832
htm-h32001908-10021;HTM;H32001908-10021;Thorbeckelaan;'s-Gravenhage;OB19163632;;;;52,066294;4,248108
htm-h32001911-10023;HTM;H32001911-10023;Thorbeckelaan;'s-Gravenhage;OB19163633;;;;52,065068;4,251552
htm-h32001912-10128;HTM;H32001912-10128;Thorbeckelaan;'s-Gravenhage;OB19163634;;;;52,064159;4,25423
htm-h32001913-10127;HTM;H32001913-10127;Thorbeckelaan;'s-Gravenhage;OB22088145;;;;;
htm-h32001914;HTM;H32001914;Thorbeckelaan;'s-Gravenhage;OB22088146;;;;;
htm-h32001923-10024;HTM;H32001923-10024;Thorbeckelaan;'s-Gravenhage;OB19163635;;;;52,063557;4,257045
htm-h32001924-10025;HTM;H32001924-10025;Thorbeckelaan;'s-Gravenhage;OB19163636;;;;52,063664;4,257917
htm-h32002802-10268;HTM;H32002802-10268;Torenstraat;'s-Gravenhage;OB19162954;;;;52,079565;4,302858
htm-h32002901-10767;HTM;H32002901-10767;Tripstraat;'s-Gravenhage;OB19163400;;;;52,073277;4,291604
htm-h32002902-10704;HTM;H32002902-10704;Tripstraat;'s-Gravenhage;OB19162857;;;;52,073044;4,291668
htm-h32003624-10053;HTM;H32003624-10053;Troelstrakade;'s-Gravenhage;OB19163640;;;;52,058533;4,294254
htm-h32003625-10054;HTM;H32003625-10054;Troelstrakade;'s-Gravenhage;OB19163641;;;;52,058527;4,294604
htm-h32003628-10264;HTM;H32003628-10264;Troelstrakade;'s-Gravenhage;OB19162955;;;;52,055008;4,309694
htm-h32003629-10300;HTM;H32003629-10300;Troelstrakade;'s-Gravenhage;OB19163637;;;;52,055488;4,307146
htm-h32003708-10056;HTM;H32003708-10056;Troelstrakade;'s-Gravenhage;OB19163639;;;;52,056332;4,303086
htm-h32003709-10055;HTM;H32003709-10055;Troelstrakade;'s-Gravenhage;OB19163638;;;;52,056778;4,301821
htm-h42013501;HTM;H42013501;Vaillantlaan;'s-Gravenhage;OB22088312;;;;;
htm-h42013502;HTM;H42013502;Vaillantlaan;'s-Gravenhage;OB22088313;;;;;
htm-h32001113-10357;HTM;H32001113-10357;Valeriusstraat;'s-Gravenhage;OB19162956;;;;52,084293;4,279589
htm-h32002013;HTM;H32002013;Valkenboslaan;'s-Gravenhage;OB19163644;;;;52,078382;4,276146
htm-h32002018-10136;HTM;H32002018-10136;Valkenboslaan;'s-Gravenhage;OB19163643;;;;52,076309;4,275541
htm-h32002021-10428;HTM;H32002021-10428;Valkenboslaan;'s-Gravenhage;OB19163645;;;;52,072675;4,275296
htm-h32002022-10060;HTM;H32002022-10060;Valkenboslaan;'s-Gravenhage;OB19162957;;;;52,066201;4,348963
htm-h32000309-10390;HTM;H32000309-10390;van Alkemadelaan;'s-Gravenhage;OB19163648;;;;52,10937;4,306602
htm-h32000310-10228;HTM;H32000310-10228;van Alkemadelaan;'s-Gravenhage;OB19163649;;;;52,108767;4,308442
htm-h32000403-10489;HTM;H32000403-10489;van Alkemadelaan;'s-Gravenhage;OB19163650;;;;52,103094;4,318213
htm-h32000404-10401;HTM;H32000404-10401;van Alkemadelaan;'s-Gravenhage;OB19163651;;;;52,103568;4,317953
htm-h32000415-10444;HTM;H32000415-10444;van Alkemadelaan;'s-Gravenhage;OB19163652;;;;52,100257;4,321506
htm-h32000416-10363;HTM;H32000416-10363;van Alkemadelaan;'s-Gravenhage;OB19163653;;;;52,100188;4,321873
htm-h32000430-10619;HTM;H32000430-10619;van Alkemadelaan;'s-Gravenhage;OB19163647;;;;52,096022;4,326409
htm-h32000431-10361;HTM;H32000431-10361;van Alkemadelaan;'s-Gravenhage;OB19162959;;;;52,096265;4,326403
htm-h32000438-10277;HTM;H32000438-10277;Van Alkemadelaan;'s-Gravenhage;OB19163706;;;;52,093584;4,329166
htm-h32000913-10192;HTM;H32000913-10192;van Boetzelaerlaan;'s-Gravenhage;OB19163654;;;;52,09117;4,271159
htm-h32000914-10177;HTM;H32000914-10177;van Boetzelaerlaan;'s-Gravenhage;OB22088107;;;;;
htm-h32000923-10579;HTM;H32000923-10579;van Boetzelaerlaan;'s-Gravenhage;OB19162961;;;;52,088385;4,272191
htm-h32000924-10358;HTM;H32000924-10358;van Boetzelaerlaan;'s-Gravenhage;OB22088110;;;;;
htm-h32000401-10446;HTM;H32000401-10446;van Hogenhoucklaan;'s-Gravenhage;OB19163656;;;;52,101052;4,315007
htm-h32000402-10412;HTM;H32000402-10412;van Hogenhoucklaan;'s-Gravenhage;OB19162965;;;;52,101213;4,314959
htm-h32003831-10353;HTM;H32003831-10353;van Meursstraat;'s-Gravenhage;OB19163657;;;;52,052872;4,316934
htm-h32003832-10280;HTM;H32003832-10280;van Meursstraat;'s-Gravenhage;OB19162966;;;;52,052962;4,317034
htm-h32007107-10434;HTM;H32007107-10434;Verlengde Melkwegstr;'s-Gravenhage;OB19162996;;;;52,066343;4,3488
htm-h32007108-10060;HTM;H32007108-10060;Verlengde Melkwegstr;'s-Gravenhage;OB22088249;;;;;
htm-h32002501-10103;HTM;H32002501-10103;Vlaskamp;'s-Gravenhage;OB19162969;;;;52,090653;4,347272
htm-h32002502-10099;HTM;H32002502-10099;Vlaskamp;'s-Gravenhage;OB19163661;;;;52,091153;4,347888
htm-h32002504-10122;HTM;H32002504-10122;Vlaskamp;'s-Gravenhage;OB19163662;;;;52,092121;4,35058
htm-h32003201-10413;HTM;H32003201-10413;Volendamlaan;'s-Gravenhage;OB19162970;;;;52,062254;4,259922
htm-h32003202-10383;HTM;H32003202-10383;Volendamlaan;'s-Gravenhage;OB19163663;;;;52,062191;4,260842
htm-h32002216-10611;HTM;H32002216-10611;Vondelstraat;'s-Gravenhage;OB19163664;;;;52,080482;4,297044
htm-h32002217-10773;HTM;H32002217-10773;Vondelstraat;'s-Gravenhage;OB19162971;;;;52,080442;4,297498
htm-h32003302-10075;HTM;H32003302-10075;Vrederustlaan;'s-Gravenhage;OB19163674;;;;52,038651;4,268503
htm-h32003303;HTM;H32003303;Vrederustlaan;'s-Gravenhage;OB22088210;;;;;
htm-h32003313-10078;HTM;H32003313-10078;Vrederustlaan;'s-Gravenhage;OB19162974;;;;52,042075;4,263709
htm-h32003314-10081;HTM;H32003314-10081;Vrederustlaan;'s-Gravenhage;OB19163671;;;;52,041923;4,263815
htm-h32003372-10077;HTM;H32003372-10077;Vrederustlaan;'s-Gravenhage;OB19163672;;;;52,040673;4,26564
htm-h32003373-10080;HTM;H32003373-10080;Vrederustlaan;'s-Gravenhage;OB19163673;;;;52,040397;4,265982
htm-h32003219-10394;HTM;H32003219-10394;Vreeswijksestraat;'s-Gravenhage;OB19163675;;;;52,059154;4,278913
htm-h32003220-10049;HTM;H32003220-10049;Vreeswijksestraat;'s-Gravenhage;OB19162975;;;;52,059616;4,279354
htm-h32000405-10402;HTM;H32000405-10402;Waalsdorperweg;'s-Gravenhage;OB19162977;;;;52,104729;4,319108
htm-h32000406;HTM;H32000406;Waalsdorperweg;'s-Gravenhage;OB22088078;;;;;
htm-h32001116-10256;HTM;H32001116-10256;Waldeck Pyrmondkade;'s-Gravenhage;OB19163679;;;;52,08488;4,283703
htm-h32002212-10574;HTM;H32002212-10574;Waldeck Pyrmondkade;'s-Gravenhage;OB22088153;;;;;
htm-h32002212-10632;HTM;H32002212-10632;Waldeck Pyrmondkade;'s-Gravenhage;OB19163231;;;;52,078372;4,292384
htm-h32002213-10612;HTM;H32002213-10612;Waldeck Pyrmondkade;'s-Gravenhage;OB19163229;;;;52,078087;4,292712
htm-h32002213-10634;HTM;H32002213-10634;Waldeck Pyrmondkade;'s-Gravenhage;OB22088154;;;;;
htm-h32003846;HTM;H32003846;Waldorpstraat;'s-Gravenhage;OB22088240;;;;;
htm-h32003847-10871;HTM;H32003847-10871;Waldorpstraat;'s-Gravenhage;OB19163617;;;;52,070137;4,32164
htm-h32003847-10873;HTM;H32003847-10873;Waldorpstraat;'s-Gravenhage;OB22088241;;;;;
htm-h32003847-10229;HTM;H32003847-10229;Waldorptraat;'s-Gravenhage;OB19163682;;;;52,0685;4,32254
htm-h32003847-10237;HTM;H32003847-10237;Waldorptraat;'s-Gravenhage;OB19163683;;;;52,0685;4,32254
htm-h32003847-10499;HTM;H32003847-10499;Waldorptraat;'s-Gravenhage;OB19163684;;;;52,0685;4,32254
htm-h32003857-10278;HTM;H32003857-10278;Waldorptraat;'s-Gravenhage;OB19162979;;;;52,064928;4,315231
htm-h32003859-10356;HTM;H32003859-10356;Waldorptraat;'s-Gravenhage;OB19163680;;;;52,066756;4,318585
htm-h32003860-10276;HTM;H32003860-10276;Waldorptraat;'s-Gravenhage;OB19163681;;;;52,067065;4,318899
htm-h320038476;HTM;H320038476;Waldorptraat;'s-Gravenhage;OB22088376;;;;;
htm-h32000426-10376;HTM;H32000426-10376;Wassenaarseweg;'s-Gravenhage;OB19162980;;;;52,092547;4,319837
htm-h32000428;HTM;H32000428;Wassenaarseweg;'s-Gravenhage;OB22088083;;;;;
htm-h32000429-10314;HTM;H32000429-10314;Wassenaarseweg;'s-Gravenhage;OB19163689;;;;52,094068;4,324032
htm-h32000718-10424;HTM;H32000718-10424;Westduinweg;'s-Gravenhage;OB19163691;;;;52,101121;4,27399
htm-h32000719-10424;HTM;H32000719-10424;Westduinweg;'s-Gravenhage;OB19163087;;;;52,101598;4,274985
htm-h32000731-10473;HTM;H32000731-10473;Westduinweg;'s-Gravenhage;OB19162982;;;;52,093858;4,26826
htm-h32000732-10206;HTM;H32000732-10206;Westduinweg;'s-Gravenhage;OB19163692;;;;52,096457;4,270282
htm-h32002707-10532;HTM;H32002707-10532;Weteringkade;'s-Gravenhage;OB19162920;;;;52,073201;4,32447
htm-h32002708-10540;HTM;H32002708-10540;Weteringkade;'s-Gravenhage;OB19163558;;;;52,073151;4,324967
htm-h32002708-10599;HTM;H32002708-10599;Weteringkade;'s-Gravenhage;OB22088171;;;;;
htm-h32002715-10656;HTM;H32002715-10656;Weteringkade;'s-Gravenhage;OB19163557;;;;52,072445;4,323423
htm-h32002711-10666;HTM;H32002711-10666;Weteringplein;'s-Gravenhage;OB19162985;;;;52,075437;4,328224
htm-h32002712-10682;HTM;H32002712-10682;Weteringplein;'s-Gravenhage;OB19163705;;;;52,075031;4,328146
htm-h32000917;HTM;H32000917;Willem de Zwijgerlaan;'s-Gravenhage;OB22088109;;;;;
htm-h32000439-10337;HTM;H32000439-10337;Willem Witsenplein;'s-Gravenhage;OB19162986;;;;52,092803;4,330235
htm-h42012501-10210;HTM;H42012501-10210;Ypenburgseboslaan;'s-Gravenhage;OB19163711;;;;52,050769;4,376993
htm-h42012502-10317;HTM;H42012502-10317;Ypenburgseboslaan;'s-Gravenhage;OB19163712;;;;52,050861;4,377239
htm-h42012601-10209;HTM;H42012601-10209;Ypenburgseboslaan;'s-Gravenhage;OB19163713;;;;52,046627;4,370949
htm-h42012602-10498;HTM;H42012602-10498;Ypenburgseboslaan;'s-Gravenhage;OB19163714;;;;52,046673;4,371152
htm-h42015901-10365;HTM;H42015901-10365;Ypenburgseboslaan;'s-Gravenhage;OB19163708;;;;52,043132;4,364892
htm-h42015902-10351;HTM;H42015902-10351;Ypenburgseboslaan;'s-Gravenhage;OB19163709;;;;52,043132;4,364892
htm-h42016001-10932;HTM;H42016001-10932;Ypenburgsestationsweg;'s-Gravenhage;OB19163259;;;;52,052939;4,384861
htm-h32000736-10549;HTM;H32000736-10549;Zeeruststraat;'s-Gravenhage;OB19162989;;;;52,106084;4,271239
htm-h32003907-10345;HTM;H32003907-10345;Zonweg;'s-Gravenhage;OB19163717;;;;52,066976;4,341011
htm-h32003908-10343;HTM;H32003908-10343;Zonweg;'s-Gravenhage;OB19162992;;;;52,067071;4,340601
htm-h32003909-10432;HTM;H32003909-10432;Zonweg;'s-Gravenhage;OB19162991;;;;52,068494;4,344972
htm-h32002210-10320;HTM;H32002210-10320;Zoutmanstraat;'s-Gravenhage;OB19163233;;;;52,083282;4,29362
htm-h32002211-10249;HTM;H32002211-10249;Zoutmanstraat;'s-Gravenhage;OB19163232;;;;52,083051;4,293845
htm-h32003403-10503;HTM;H32003403-10503;Zuidwoldestraat;'s-Gravenhage;OB19163719;;;;52,052876;4,266165
htm-h32003403-10950;HTM;H32003403-10950;Zuidwoldestraat;'s-Gravenhage;OB22088224;;;;;
htm-h32003404-10193;HTM;H32003404-10193;Zuidwoldestraat;'s-Gravenhage;OB22088226;;;;;
htm-h32003404-10510;HTM;H32003404-10510;Zuidwoldestraat;'s-Gravenhage;OB22088225;;;;;
htm-h32000203-10995;HTM;H32000203-10995;Zwarte Pad;'s-Gravenhage;OB22088068;;;;;
htm-h32000207;HTM;H32000207;Zwarte pad;'s-Gravenhage;OB19163722;;;;52,116684;4,288773
htm-h32000208;HTM;H32000208;zwarte pad;'s-Gravenhage;OB22088070;;;;;
htm-h32000211-10996;HTM;H32000211-10996;Zwarte Pad;'s-Gravenhage;OB22088072;;;;;
htm-h32000211-10997;HTM;H32000211-10997;Zwarte Pad;'s-Gravenhage;OB22088071;;;;;
htm-h42021301-30077;HTM;H42021301-30077;Kon Julianalaan;'s-Gravenzande;OB19163236;;;;51,997153;4,172801
htm-h42021302-30028;HTM;H42021302-30028;Kon Julianalaan;'s-Gravenzande;OB19163234;;;;51,997525;4,17317
htm-h42021601-30057;HTM;H42021601-30057;Kon Julianalaan;'s-Gravenzande;OB19163235;;;;51,993824;4,169892
htm-h42021602-30082;HTM;H42021602-30082;Kon Julianalaan;'s-Gravenzande;OB19162819;;;;51,993138;4,169648
htm-h42021701-30030;HTM;H42021701-30030;Kon Julianalaan;'s-Gravenzande;OB19163225;;;;52,00709;4,167944
htm-h42021702-30046;HTM;H42021702-30046;Kon Julianalaan;'s-Gravenzande;OB19162817;;;;52,00604;4,169036
htm-h42021201-30062;HTM;H42021201-30062;Oude Landstraat;'s-Gravenzande;OB19163495;;;;52,001976;4,170661
htm-h42021202-30002;HTM;H42021202-30002;Oude Landstraat;'s-Gravenzande;OB19163494;;;;52,001853;4,170941
htm-h42022001;HTM;H42022001;Oude Landstraat;'s-Gravenzande;OB22088340;;;;;
htm-h42022002-30018;HTM;H42022002-30018;Oude Landstraat;'s-Gravenzande;OB19162894;;;;52,000418;4,164353
htm-h42022301-30063;HTM;H42022301-30063;Vestdijklaan;'s-Gravenzande;OB19162968;;;;51,999548;4,160197
htm-h42022302-30086;HTM;H42022302-30086;Vestdijklaan;'s-Gravenzande;OB19163660;;;;51,99947;4,160418
htm-h42023301-30005;HTM;H42023301-30005;Zandeveltstraat;'s-Gravenzande;OB19163715;;;;52,001484;4,157887
htm-h42023301-30066;HTM;H42023301-30066;Zandeveltstraat;'s-Gravenzande;OB22088341;;;;;
htm-h42009501-30083;HTM;H42009501-30083;Bleijenburg;De Lier;OB19163037;;;;51,978635;4,250102
htm-h42009502-30008;HTM;H42009502-30008;Bleijenburg;De Lier;OB19162718;;;;51,978676;4,250625
htm-h42008801-30043;HTM;H42008801-30043;M.A. de Ruyterstraat;De Lier;OB19162854;;;;51,975133;4,25415
htm-h42008802-30014;HTM;H42008802-30014;M.A. de Ruyterstraat;De Lier;OB19163396;;;;51,975231;4,254046
htm-h42009401-30081;HTM;H42009401-30081;Sportlaan;De Lier;OB19162742;;;;51,977721;4,2457
htm-h42009402-30009;HTM;H42009402-30009;Sportlaan;De Lier;OB19162938;;;;51,977276;4,245231
htm-h42071601-30013;HTM;H42071601-30013;Sportlaan;De Lier;OB19163602;;;;51,974161;4,245704
htm-h42071602-30042;HTM;H42071602-30042;Sportlaan;De Lier;OB19163603;;;;51,973965;4,24584
htm-h42003101-20073;HTM;H42003101-20073;Adriaan Pauwstraat;Delft;OB19162697;;;;52,008087;4,349829
htm-h42003102;HTM;H42003102;Adriaan Pauwstraat;Delft;OB22088282;;;;;
htm-h32009113;HTM;H32009113;Afrikalaan;Delft;OB22088259;;;;;
htm-h32009114-20124;HTM;H32009114-20124;Afrikalaan;Delft;OB19162700;;;;51,981274;4,341672
htm-h42007401-20013;HTM;H42007401-20013;Aletta Jacobsstraat;Delft;OB19162703;;;;52,002502;4,344381
htm-h42007402-20012;HTM;H42007402-20012;Aletta Jacobsstraat;Delft;OB19163003;;;;52,002503;4,344512
htm-h32009109;HTM;H32009109;Beethovenlaan;Delft;OB19163043;;;;51,989604;4,344462
htm-h42006902-20024;HTM;H42006902-20024;Beethovenlaan;Delft;OB19162713;;;;51,990252;4,339468
htm-h42001201-20044;HTM;H42001201-20044;Brasserkade;Delft;OB19162721;;;;52,024521;4,355161
htm-h42001202-20045;HTM;H42001202-20045;Brasserkade;Delft;OB19163039;;;;52,024477;4,355293
htm-h42001801;HTM;H42001801;Brasserkade;Delft;OB22088272;;;;;
htm-h42001802;HTM;H42001802;Brasserkade;Delft;OB22088273;;;;;
htm-h32009107-20119;HTM;H32009107-20119;Buitenhofdreef;Delft;OB19163042;;;;51,995114;4,344436
htm-h32009108-20102;HTM;H32009108-20102;Buitenhofdreef;Delft;OB19162724;;;;51,995015;4,344467
htm-h42007101-20022;HTM;H42007101-20022;Buitenhofdreef;Delft;OB19163044;;;;51,987518;4,344351
htm-h42007102-20023;HTM;H42007102-20023;Buitenhofdreef;Delft;OB19163045;;;;51,987324;4,34485
htm-h42004102;HTM;H42004102;Cort van der Lindenln;Delft;OB19162732;;;;52,010634;4,342006
htm-h42004102-20049;HTM;H42004102-20049;Cort van der Lindenln;Delft;OB22088288;;;;;
htm-h42004001-20001;HTM;H42004001-20001;Derde werelddreef;Delft;OB19163073;;;;51,983782;4,34684
htm-h42004002-20002;HTM;H42004002-20002;Derde werelddreef;Delft;OB19162740;;;;51,983478;4,347036
htm-h42002601;HTM;H42002601;Edelhertlaan;Delft;OB22088279;;;;;
htm-h42002601-20065;HTM;H42002601-20065;Edelhertlaan;Delft;OB19162725;;;;51,985477;4,361708
htm-h42002801;HTM;H42002801;Fuutlaan;Delft;OB22088280;;;;;
htm-h42002801-20078;HTM;H42002801-20078;Fuutlaan;Delft;OB19163047;;;;51,983656;4,362172
htm-h32009115;HTM;H32009115;Gandhilaan;Delft;OB22088260;;;;;
htm-h32009117-20125;HTM;H32009117-20125;Gandhilaan;Delft;OB19162765;;;;51,980708;4,349851
htm-h42000701-20060;HTM;H42000701-20060;Gandhilaan;Delft;OB19163137;;;;51,980914;4,349759
htm-h42000801-20021;HTM;H42000801-20021;Ghandilaan;Delft;OB22088269;;;;;
htm-h42005501-20071;HTM;H42005501-20071;Hof van zilverlicht;Delft;OB19162788;;;;52,00946;4,333382
htm-h42005502;HTM;H42005502;Hof van zilverlicht;Delft;OB22088297;;;;;
htm-h42072701-20009;HTM;H42072701-20009;Hollandendreef;Delft;OB19163187;;;;51,993381;4,351844
htm-h42072702-20021;HTM;H42072702-20021;Hollandendreef;Delft;OB19162789;;;;52,007467;4,321982
htm-h42068501-20076;HTM;H42068501-20076;Huismansingel;Delft;OB19162798;;;;51,989513;4,385712
htm-h42001002;HTM;H42001002;Insulindeweg;Delft;OB22088270;;;;;
htm-h42001002-20047;HTM;H42001002-20047;Insulindeweg;Delft;OB19162799;;;;52,020408;4,355605
htm-h42002701-20066;HTM;H42002701-20066;Jan de Oudeweg;Delft;OB19162802;;;;52,005706;4,381971
htm-h42002702-20063;HTM;H42002702-20063;Jan de Oudeweg;Delft;OB19163203;;;;52,005653;4,382059
htm-h42004202;HTM;H42004202;Jan Thoméelaan;Delft;OB22088289;;;;;
htm-h42004202-20030;HTM;H42004202-20030;Jan Thoméelaan;Delft;OB19162803;;;;51,995712;4,333909
htm-h42001901-20039;HTM;H42001901-20039;Julianalaan;Delft;OB19163212;;;;52,008825;4,371574
htm-h42001902-20011;HTM;H42001902-20011;Julianalaan;Delft;OB19162809;;;;52,009231;4,37171
htm-h42004502-20037;HTM;H42004502-20037;Julianalaan;Delft;OB19163213;;;;52,006811;4,369347
htm-h42003801-20068;HTM;H42003801-20068;Kalfjeslaan;Delft;OB19163051;;;;51,987746;4,360055
htm-h42003802-20064;HTM;H42003802-20064;Kalfjeslaan;Delft;OB19163050;;;;51,987369;4,36018
htm-h32000601-10559;HTM;H32000601-10559;Koninginnegracht;Delft;OB19163010;;;;52,098689;4,301417
htm-h42002501;HTM;H42002501;Korftlaan;Delft;OB22088277;;;;;
htm-h42002502;HTM;H42002502;Korftlaan;Delft;OB22088278;;;;;
htm-h42072401-20121;HTM;H42072401-20121;Korftlaan;Delft;OB19162695;;;;52,017739;4,379545
htm-h42072501;HTM;H42072501;Korftlaan;Delft;OB22088360;;;;;
htm-h42071901-20059;HTM;H42071901-20059;Krakeelpolderweg;Delft;OB19163245;;;;52,003894;4,351295
htm-h42072001-20019;HTM;H42072001-20019;Krakeelpolderweg;Delft;OB19162824;;;;52,004649;4,350302
htm-h42075402;HTM;H42075402;Kristalweg;Delft;OB22088365;;;;;
htm-h42001501-20050;HTM;H42001501-20050;Lodensteynstraat;Delft;OB19163369;;;;52,014464;4,370819
htm-h42001502-20043;HTM;H42001502-20043;Lodensteynstraat;Delft;OB19162846;;;;52,0145;4,37079
htm-h42004301;HTM;H42004301;Marotlaan;Delft;OB22088290;;;;;
htm-h42004302-20088;HTM;H42004302-20088;Marotlaan;Delft;OB19162860;;;;52,004426;4,34537
htm-h32009136-20034;HTM;H32009136-20034;Martinus Nijhofflaan;Delft;OB19163402;;;;51,996284;4,349666
htm-h32009137-20109;HTM;H32009137-20109;Martinus Nijhofflaan;Delft;OB19162861;;;;51,996484;4,350942
htm-h42001102-20096;HTM;H42001102-20096;Mekelweg;Delft;OB19163412;;;;52,001649;4,37233
htm-h42001103-20094;HTM;H42001103-20094;Mekelweg;Delft;OB19163413;;;;52,002012;4,372168
htm-h42001103-20099;HTM;H42001103-20099;Mekelweg;Delft;OB22088271;;;;;
htm-h42001104-20111;HTM;H42001104-20111;Mekelweg;Delft;OB19163414;;;;52,002143;4,372133
htm-h42075701-20097;HTM;H42075701-20097;Mekelweg;Delft;OB19163407;;;;51,99643;4,376306
htm-h42075701-20105;HTM;H42075701-20105;Mekelweg;Delft;OB22088366;;;;;
htm-h42075702-20138;HTM;H42075702-20138;Mekelweg;Delft;OB22088367;;;;;
htm-h42075801-20095;HTM;H42075801-20095;Mekelweg;Delft;OB22088368;;;;;
htm-h42075801-20098;HTM;H42075801-20098;Mekelweg;Delft;OB19163409;;;;51,999703;4,373805
htm-h42075802-20100;HTM;H42075802-20100;Mekelweg;Delft;OB19163410;;;;51,999193;4,374078
htm-h42076501-20089;HTM;H42076501-20089;Mekelweg;Delft;OB22088369;;;;;
htm-h42076501-20093;HTM;H42076501-20093;Mekelweg;Delft;OB19163417;;;;51,991551;4,380148
htm-h42076502-20103;HTM;H42076502-20103;Mekelweg;Delft;OB19163416;;;;51,991353;4,380181
htm-h42076601-20091;HTM;H42076601-20091;Mekelweg;Delft;OB19163405;;;;51,989013;4,381908
htm-h72076602-20090;HTM;H72076602-20090;Mekelweg;Delft;OB19163408;;;;51,988485;4,382124
htm-h42003601;HTM;H42003601;michiel de ruyterweg;Delft;OB22088286;;;;;
htm-h42003602-20116;HTM;H42003602-20116;michiel de ruyterweg;Delft;OB19162867;;;;52,004978;4,369447
htm-h42004501-20035;HTM;H42004501-20035;Mijnbouwstraat;Delft;OB19162872;;;;52,005572;4,369521
htm-h42002301-20025;HTM;H42002301-20025;Mozartlaan;Delft;OB19163464;;;;51,993248;4,336748
htm-h42002302-20026;HTM;H42002302-20026;Mozartlaan;Delft;OB19162877;;;;51,993161;4,337055
htm-h42004801-20027;HTM;H42004801-20027;Mozartlaan;Delft;OB19163465;;;;51,993465;4,33485
htm-h42004802-20028;HTM;H42004802-20028;Mozartlaan;Delft;OB19163466;;;;51,994021;4,334764
htm-h42005001-20085;HTM;H42005001-20085;Nassaulaan;Delft;OB19163469;;;;52,006684;4,379677
htm-h42005002-20087;HTM;H42005002-20087;Nassaulaan;Delft;OB19163470;;;;52,006827;4,379615
htm-h42005901-20046;HTM;H42005901-20046;Nassaulaan;Delft;OB19162879;;;;52,007371;4,372757
htm-h42005902-20029;HTM;H42005902-20029;Nassaulaan;Delft;OB19163468;;;;52,007308;4,373822
htm-h42005101;HTM;H42005101;Nieuwe Langedijk;Delft;OB22088295;;;;;
htm-h42005102;HTM;H42005102;Nieuwe Langedijk;Delft;OB22088296;;;;;
htm-h42003402;HTM;H42003402;Olaf Palmerstraat;Delft;OB19163482;;;;52,013025;4,378005
htm-h42003402-20048;HTM;H42003402-20048;Olaf Palmerstraat;Delft;OB22088285;;;;;
htm-h42069501;HTM;H42069501;Olaf Palmerstraat;Delft;OB22088357;;;;;
htm-h42069502-20038;HTM;H42069502-20038;Olaf Palmerstraat;Delft;OB19162890;;;;52,014164;4,375692
htm-h42005601-20036;HTM;H42005601-20036;Oostpoortweg;Delft;OB19162892;;;;52,011046;4,37582
htm-h42005602;HTM;H42005602;Oostpoortweg;Delft;OB22088298;;;;;
htm-h42002001-20074;HTM;H42002001-20074;Oude langendijk;Delft;OB22088274;;;;;
htm-h42002002;HTM;H42002002;Oude langendijk;Delft;OB19162896;;;;52,01238;4,361675
htm-h42004401;HTM;H42004401;Oudelangendijk;Delft;OB22088291;;;;;
htm-h42004402;HTM;H42004402;Oudelangendijk;Delft;OB22088292;;;;;
htm-h42003201-20114;HTM;H42003201-20114;Papsouwselaan;Delft;OB19163506;;;;51,998881;4,354761
htm-h42003201-20123;HTM;H42003201-20123;Papsouwselaan;Delft;OB22088283;;;;;
htm-h42003202-20117;HTM;H42003202-20117;Papsouwselaan;Delft;OB22088284;;;;;
htm-h42003202-20122;HTM;H42003202-20122;Papsouwselaan;Delft;OB19163508;;;;51,999285;4,354708
htm-h32009018-20144;HTM;H32009018-20144;Phoenixstraat;Delft;OB22088257;;;;;
htm-h54162180-20175;HTM;H54162180-20175;Prinses Beatrixlaan;Delft;OB19163540;;;;52,014226;4,337246
htm-h42005801-20061;HTM;H42005801-20061;Prof. Telderslaan;Delft;OB19163542;;;;52,003595;4,380008
htm-h42005802;HTM;H42005802;Prof. Telderslaan;Delft;OB22088299;;;;;
htm-h42006501-20062;HTM;H42006501-20062;Prof. Telderslaan;Delft;OB19162915;;;;52,002833;4,3772
htm-h42006502;HTM;H42006502;Prof. Telderslaan;Delft;OB22088301;;;;;
htm-h42006201-20032;HTM;H42006201-20032;Reinier de Graafweg;Delft;OB22088300;;;;;
htm-h42006202-20086;HTM;H42006202-20086;Reinier de Graafweg;Delft;OB19163543;;;;51,997832;4,335737
htm-h42006401-20032;HTM;H42006401-20032;Reinier de Graafweg;Delft;OB19163544;;;;51,997325;4,332327
htm-h42006402-20033;HTM;H42006402-20033;Reinier de Graafweg;Delft;OB19162917;;;;51,997291;4,332488
htm-h42006301-20084;HTM;H42006301-20084;Rietzangerstraat;Delft;OB19163048;;;;51,982231;4,357517
htm-h42006302-20082;HTM;H42006302-20082;Rietzangerstraat;Delft;OB19163049;;;;51,982199;4,356863
htm-h31003608;HTM;H31003608;Rotterdamseweg;Delft;OB22088063;;;;;
htm-h31003609;HTM;H31003609;Rotterdamseweg;Delft;OB22088065;;;;;
htm-h31003626;HTM;H31003626;Rotterdamseweg;Delft;OB19163572;;;;51,984842;4,37762
htm-h31003628;HTM;H31003628;Rotterdamseweg;Delft;OB22088067;;;;;
htm-h32009111-20110;HTM;H32009111-20110;Sadatweg;Delft;OB19162927;;;;51,984453;4,343432
htm-h32009112-20104;HTM;H32009112-20104;Sadatweg;Delft;OB19163575;;;;51,984493;4,343853
htm-h42005401-20010;HTM;H42005401-20010;Schoemakerstraat;Delft;OB19163592;;;;51,997994;4,37993
htm-h42005402-20031;HTM;H42005402-20031;Schoemakerstraat;Delft;OB19162932;;;;51,997637;4,380273
htm-h42006701;HTM;H42006701;Schoemakerstraat;Delft;OB22088302;;;;;
htm-h42003001;HTM;H42003001;Sint Jorisweg;Delft;OB22088281;;;;;
htm-h42003002-20042;HTM;H42003002-20042;Sint Jorisweg;Delft;OB19162935;;;;52,020709;4,359241
htm-h32009009-20136;HTM;H32009009-20136;Spoorsingel;Delft;OB19163515;;;;;
htm-h32009009-20137;HTM;H32009009-20137;Spoorsingel;Delft;OB22088254;;;;;
htm-h32009010-20138;HTM;H32009010-20138;Spoorsingel;Delft;OB22088255;;;;;
htm-h32009010-20139;HTM;H32009010-20139;Spoorsingel;Delft;OB19163517;;;;51,99656;4,34877
htm-h42006801-20041;HTM;H42006801-20041;Van almondestraat;Delft;OB19162960;;;;52,009675;4,338314
htm-h42006802;HTM;H42006802;Van almondestraat;Delft;OB22088304;;;;;
htm-h42000901-20072;HTM;H42000901-20072;Van der Lelijstraat;Delft;OB19162963;;;;52,012994;4,334537
htm-h32009109-20118;HTM;H32009109-20118;van der Slootsingel;Delft;OB22088258;;;;;
htm-h32009110-20107;HTM;H32009110-20107;van der Slootsingel;Delft;OB19163046;;;;51,99044;4,344501
htm-h42001301-20081;HTM;H42001301-20081;van der Slootsingel;Delft;OB19162775;;;;51,989899;4,343247
htm-h42001302-20067;HTM;H42001302-20067;van der Slootsingel;Delft;OB19162964;;;;51,989976;4,343857
htm-h42001401-20016;HTM;H42001401-20016;Van mierenveltlaan;Delft;OB19163658;;;;52,015366;4,365948
htm-h42001402-20007;HTM;H42001402-20007;Van mierenveltlaan;Delft;OB19163659;;;;52,016346;4,365037
htm-h42004701;HTM;H42004701;Van mierenveltlaan;Delft;OB22088293;;;;;
htm-h42004702-20075;HTM;H42004702-20075;Van mierenveltlaan;Delft;OB19162967;;;;52,019087;4,361827
htm-h42003501-20006;HTM;H42003501-20006;Voorhofdreef;Delft;OB19163669;;;;51,993028;4,356628
htm-h42003502-20008;HTM;H42003502-20008;Voorhofdreef;Delft;OB19162973;;;;51,992309;4,356601
htm-h42004903-20020;HTM;H42004903-20020;Voorhofdreef;Delft;OB19163670;;;;51,995014;4,35549
htm-h42004904;HTM;H42004904;Voorhofdreef;Delft;OB22088294;;;;;
htm-h42074401-20004;HTM;H42074401-20004;Voorhofdreef;Delft;OB19163668;;;;51,991075;4,357758
htm-h42074402;HTM;H42074402;Voorhofdreef;Delft;OB22088364;;;;;
htm-h32009003-20172;HTM;H32009003-20172;Vrijebanselaan;Delft;OB22088251;;;;;
htm-h32009004-20171;HTM;H32009004-20171;Vrijebanselaan;Delft;OB22088252;;;;;
htm-h32009005-20165;HTM;H32009005-20165;Vrijebanselaan;Delft;OB22088253;;;;;
htm-h32009005-20166;HTM;H32009005-20166;Vrijebanselaan;Delft;OB19163677;;;;52,017188;4,352314
htm-h32009005-20167;HTM;H32009005-20167;Vrijebanselaan;Delft;OB19163676;;;;52,017315;4,352457
htm-h42002201;HTM;H42002201;Wateringseweg;Delft;OB22088275;;;;;
htm-h42002401-20070;HTM;H42002401-20070;Westlandseweg;Delft;OB19163695;;;;52,000637;4,346871
htm-h42002402-20069;HTM;H42002402-20069;Westlandseweg;Delft;OB19163697;;;;52,000639;4,34923
htm-h42003901-20120;HTM;H42003901-20120;Westlandseweg;Delft;OB22088287;;;;;
htm-h42003901-20132;HTM;H42003901-20132;Westlandseweg;Delft;OB19163698;;;;52,002179;4,353549
htm-h42003902-20113;HTM;H42003902-20113;Westlandseweg;Delft;OB19162983;;;;52,00224;4,35379
htm-h42003902-20134;HTM;H42003902-20134;Westlandseweg;Delft;OB19163699;;;;52,002179;4,353549
htm-h42007701-20014;HTM;H42007701-20014;Westlandseweg;Delft;OB19163694;;;;52,001455;4,342905
htm-h42007702-20015;HTM;H42007702-20015;Westlandseweg;Delft;OB19163696;;;;52,001312;4,342894
htm-h32009017-20051;HTM;H32009017-20051;Westvest;Delft;OB19163704;;;;52,007381;4,357449
htm-h32009017-20052;HTM;H32009017-20052;Westvest;Delft;OB22088256;;;;;
htm-h32009018-20079;HTM;H32009018-20079;Westvest;Delft;OB19163700;;;;52,008043;4,35704
htm-h32009018-20080;HTM;H32009018-20080;Westvest;Delft;OB19163701;;;;52,007836;4,357278
htm-h32009018-20162;HTM;H32009018-20162;Westvest;Delft;OB19163702;;;;52,007842;4,357268
htm-h42007301;HTM;H42007301;Weteringlaan;Delft;OB22088305;;;;;
htm-h42007302-20040;HTM;H42007302-20040;Weteringlaan;Delft;OB19162729;;;;52,01073;4,34569
htm-h42007801-20101;HTM;H42007801-20101;Zuidwal;Delft;OB19162993;;;;52,008413;4,364431
htm-h42007802-20108;HTM;H42007802-20108;Zuidwal;Delft;OB19163718;;;;52,008108;4,363506
htm-h42070101;HTM;H42070101;Gasthuisland;Den Hoorn;OB22088358;;;;;
htm-h42070102;HTM;H42070102;Gasthuisland;Den Hoorn;OB22088359;;;;;
htm-h40017-40017;HTM;H40017-40017;Harnasdreef;Den Hoorn;OB22088061;;;;;
htm-h40018-40018;HTM;H40018-40018;Harnasdreef;Den Hoorn;OB22088062;;;;;
htm-h42070201-40001;HTM;H42070201-40001;Harnasdreef;Den Hoorn;OB19163165;;;;52,00054;4,319989
htm-h42070202-40003;HTM;H42070202-40003;Harnasdreef;Den Hoorn;OB19162776;;;;52,000413;4,319934
htm-h42070301-40016;HTM;H42070301-40016;Harnasdreef;Den Hoorn;OB19163163;;;;52,010718;4,31931
htm-h42070302-40008;HTM;H42070302-40008;Harnasdreef;Den Hoorn;OB19163164;;;;52,010528;4,319169
htm-h42076701-40021;HTM;H42076701-40021;Harnasdreef;Den Hoorn;OB22088370;;;;;
htm-h42076702-40028;HTM;H42076702-40028;Harnasdreef;Den Hoorn;OB22088371;;;;;
htm-h42000601-40009;HTM;H42000601-40009;Hoornseweg;Den Hoorn;OB19162793;;;;51,999997;4,332541
htm-h42000602-40028;HTM;H42000602-40028;Hoornseweg;Den Hoorn;OB19163198;;;;51,99988;4,332602
htm-h42000102-40012;HTM;H42000102-40012;Rijksstraatweg;Den Hoorn;OB19162797;;;;51,999155;4,329852
htm-h42024101-30045;HTM;H42024101-30045;Dijkweg;Honselersdijk;OB19163081;;;;52,006143;4,223653
htm-h42024102-30049;HTM;H42024102-30049;Dijkweg;Honselersdijk;OB19163082;;;;52,006594;4,223801
htm-h42024602-30055;HTM;H42024602-30055;Dijkweg;Honselersdijk;OB19162744;;;;52,003281;4,221426
htm-h42044601-30080;HTM;H42044601-30080;Dijkweg;Honselersdijk;OB19163080;;;;52,003161;4,221109
htm-h42024201;HTM;H42024201;Nieuweweg;Honselersdijk;OB22088342;;;;;
htm-h42024202-30058;HTM;H42024202-30058;Nieuweweg;Honselersdijk;OB19162886;;;;52,008942;4,220361
htm-h42026501;HTM;H42026501;Heulweg;Kwintsheul;OB22088343;;;;;
htm-h42026601-30007;HTM;H42026601-30007;Kerkstraat;Kwintsheul;OB19163220;;;;52,014756;4,254182
htm-h42026602-30041;HTM;H42026602-30041;Kerkstraat;Kwintsheul;OB19162813;;;;52,014802;4,254327
htm-h42034001-40011;HTM;H42034001-40011;Commandeurskade;Maasland;OB19163192;;;;51,939062;4,273152
htm-h42034001-40017;HTM;H42034001-40017;Commandeurskade;Maasland;OB22088345;;;;;
htm-h42034101-40007;HTM;H42034101-40007;Hofsingel;Maasland;OB19163193;;;;51,935588;4,275623
htm-h42034102;HTM;H42034102;Hofsingel;Maasland;OB22088346;;;;;
htm-h42034301-40020;HTM;H42034301-40020;Hofsingel;Maasland;OB19162791;;;;51,932616;4,270287
htm-h42034302-40019;HTM;H42034302-40019;Hofsingel;Maasland;OB19162774;;;;51,932634;4,270328
htm-h42034402;HTM;H42034402;Hofsingel;Maasland;OB19163194;;;;51,932753;4,275199
htm-h42034402-40019;HTM;H42034402-40019;Hofsingel;Maasland;OB22088347;;;;;
htm-h42034901-40002;HTM;H42034901-40002;Kerkweg;Maasland;OB19162814;;;;51,929694;4,270127
htm-h42034902;HTM;H42034902;Kerkweg;Maasland;OB22088348;;;;;
htm-h42035001-40025;HTM;H42035001-40025;Oude Veiling;Maasland;OB19163498;;;;51,925209;4,272085
htm-h42035002-40030;HTM;H42035002-40030;Oude Veiling;Maasland;OB19163499;;;;51,924892;4,271875
htm-h42035003-40004;HTM;H42035003-40004;Oude Veiling;Maasland;OB19163497;;;;51,92502;4,272119
htm-h42035004-40023;HTM;H42035004-40023;Oude Veiling;Maasland;OB19163496;;;;51,925099;4,272197
htm-h42035101-30004;HTM;H42035101-30004;Acaciastraat;Monster;OB19162696;;;;52,023466;4,170442
htm-h42035102-30006;HTM;H42035102-30006;Acaciastraat;Monster;OB19162999;;;;52,023241;4,170375
htm-h42035901-30023;HTM;H42035901-30023;Goudenregenstraat;Monster;OB19163337;;;;52,026851;4,173541
htm-h42035601;HTM;H42035601;Haagweg;Monster;OB22088350;;;;;
htm-h42035701-30070;HTM;H42035701-30070;Haagweg;Monster;OB19163160;;;;52,038898;4,190327
htm-h42035702-30017;HTM;H42035702-30017;Haagweg;Monster;OB19163159;;;;52,03891;4,190618
htm-h42035801;HTM;H42035801;Haagweg;Monster;OB22088352;;;;;
htm-h42035801-10657;HTM;H42035801-10657;Haagweg;Monster;OB19162773;;;;52,044759;4,204602
htm-h42036201-30031;HTM;H42036201-30031;Haagweg;Monster;OB19163161;;;;52,032161;4,180218
htm-h42036202-30052;HTM;H42036202-30052;Haagweg;Monster;OB19163162;;;;52,032424;4,180531
htm-h42035301-30022;HTM;H42035301-30022;Hortensiastraat;Monster;OB19163199;;;;52,02126;4,167398
htm-h42035302-30003;HTM;H42035302-30003;Hortensiastraat;Monster;OB19162794;;;;52,021279;4,167514
htm-h42035902-30019;HTM;H42035902-30019;Larixlaan;Monster;OB19162837;;;;52,026471;4,173231
htm-h42035201;HTM;H42035201;Molenstraat;Monster;OB22088349;;;;;
htm-h42035202-30010;HTM;H42035202-30010;Molenstraat;Monster;OB19162874;;;;52,02934;4,177758
htm-h42036001;HTM;H42036001;Molenweg;Monster;OB22088353;;;;;
htm-h42036002;HTM;H42036002;Molenweg;Monster;OB22088354;;;;;
htm-h42040501-30015;HTM;H42040501-30015;Dijkweg;Naaldwijk;OB19163079;;;;51,998916;4,21452
htm-h42040502-30012;HTM;H42040502-30012;Dijkweg;Naaldwijk;OB19162745;;;;51,998745;4,214496
htm-h42040301;HTM;H42040301;Galgeweg;Naaldwijk;OB19162764;;;;51,989102;4,197387
htm-h42040101-30078;HTM;H42040101-30078;Grote Woerdlaan;Naaldwijk;OB19163158;;;;51,999202;4,209037
htm-h42040102;HTM;H42040102;Grote Woerdlaan;Naaldwijk;OB22088355;;;;;
htm-h42040401-30027;HTM;H42040401-30027;Grote Woerdlaan;Naaldwijk;OB19162772;;;;52,001815;4,206886
htm-h42040402-30035;HTM;H42040402-30035;Grote Woerdlaan;Naaldwijk;OB19163157;;;;52,00129;4,207424
htm-h42041301-30067;HTM;H42041301-30067;Kruisbroekweg;Naaldwijk;OB19162825;;;;51,988719;4,206109
htm-h42041302-30064;HTM;H42041302-30064;Kruisbroekweg;Naaldwijk;OB19163246;;;;51,98875;4,205584
htm-h42041001-30084;HTM;H42041001-30084;Middel Broekweg;Naaldwijk;OB19163450;;;;51,991364;4,219829
htm-h42041002-30044;HTM;H42041002-30044;Middel Broekweg;Naaldwijk;OB19162869;;;;51,991245;4,21871
htm-h42041002-30054;HTM;H42041002-30054;Middel Broekweg;Naaldwijk;OB22088356;;;;;
htm-h42040601-30053;HTM;H42040601-30053;Secretaris Verhoefweg;Naaldwijk;OB19163593;;;;51,992075;4,20289
htm-h42040602-30079;HTM;H42040602-30079;Secretaris Verhoefweg;Naaldwijk;OB19162933;;;;51,99304;4,202326
htm-h42040701-30032;HTM;H42040701-30032;van der Hoevenstraat;Naaldwijk;OB19163655;;;;51,996019;4,206267
htm-h42040702-30011;HTM;H42040702-30011;van der Hoevenstraat;Naaldwijk;OB19162962;;;;51,996148;4,206525
htm-h42058201-30026;HTM;H42058201-30026;Herenstraat;Wateringen;OB19162781;;;;52,02547;4,281466
htm-h42058202-30050;HTM;H42058202-30050;Herenstraat;Wateringen;OB19163170;;;;52,02547;4,281466
htm-h42058501-30085;HTM;H42058501-30085;Herenstraat;Wateringen;OB19163171;;;;52,023744;4,274777
htm-h42058401-30025;HTM;H42058401-30025;Heulweg;Wateringen;OB19162783;;;;52,022391;4,269551
htm-h42058402-30036;HTM;H42058402-30036;Heulweg;Wateringen;OB19163179;;;;52,02219;4,269235
htm-h32006019;HTM;H32006019-;Turfschipper;Wateringen;OB22088247;;;;;
htm-h32006022;HTM;H32006022-;Turfschipper;Wateringen;OB22088248;;;;;
ko-hartog-kh14280;KO Hartog;KH14280;Boezemweg - Gerdesiaweg - Ammanplein;Brielle;OB24007668;KO Hartog;;;;
ko-hartog-kh14115;KO Hartog;KH14115;Markweg - Oversteek EECV;Brielle;OB24007666;KO Hartog;;;;
ko-hartog-kh14085;KO Hartog;KH14085;Zuiderparkweg - Ahoyweg;Brielle;OB24007665;KO Hartog;;;;
ko-hartog-kh18825;KO Hartog;KH18825;A15 - N214 - N3 Zuid;Capelle a/d IJssel;OB24007778;KO Hartog;;;;
ko-hartog-kh14505;KO Hartog;KH14505;Abram van Rijckevorselweg (N219) - Couwenhoekseweg;Capelle a/d IJssel;OB24007765;KO Hartog;;;;
ko-hartog-kh16725;KO Hartog;KH16725;Beijerlandselaan - Hillevliet - Randweg;Capelle a/d IJssel;OB24007705;KO Hartog;;;;
ko-hartog-kh16680;KO Hartog;KH16680;Doklaan - Sluisjesdijk;Capelle a/d IJssel;OB24007702;KO Hartog;;;;
ko-hartog-kh16695;KO Hartog;KH16695;Doklaan - Wolphaertsbocht;Capelle a/d IJssel;OB24007703;KO Hartog;;;;
ko-hartog-kh15480;KO Hartog;KH15480;Engelendaal – Buitenhoflaan – Dennenschans;Capelle a/d IJssel;OB24007690;KO Hartog;;;;
ko-hartog-kh15495;KO Hartog;KH15495;Engelendaal – Heinsiuslaan – Vronkenlaan;Capelle a/d IJssel;OB24007691;KO Hartog;;;;
ko-hartog-kh15465;KO Hartog;KH15465;Engelendaal – Van der Havelaan – Rietschans;Capelle a/d IJssel;OB24007689;KO Hartog;;;;
ko-hartog-kh18465;KO Hartog;KH18465;Hoofdweg - Akeleibaan;Capelle a/d IJssel;OB24007732;KO Hartog;;;;
ko-hartog-kh18780;KO Hartog;KH18780;Horvathweg Oost K200 - Brandersbrug;Capelle a/d IJssel;OB24007734;KO Hartog;;;;
ko-hartog-kh18795;KO Hartog;KH18795;Horvathweg West K9201 - Brandersbrug;Capelle a/d IJssel;OB24007735;KO Hartog;;;;
ko-hartog-kh16125;KO Hartog;KH16125;Javastraat - Frederikstraat;Capelle a/d IJssel;OB24007701;KO Hartog;;;;
ko-hartog-kh17370;KO Hartog;KH17370;K044: Vulcaanweg - Schiedamsedijk;Capelle a/d IJssel;OB24007717;KO Hartog;;;;
ko-hartog-kh16710;KO Hartog;KH16710;Korperweg - Waalhaven OZ;Capelle a/d IJssel;OB24007704;KO Hartog;;;;
ko-hartog-kh14430;KO Hartog;KH14430;Kralingseweg - Schenkelse Dreef (KP712197);Capelle a/d IJssel;OB24007669;KO Hartog;;;;
ko-hartog-kh18165;KO Hartog;KH18165;Pleinweg - Wolphaertsbocht;Capelle a/d IJssel;OB24007722;KO Hartog;;;;
ko-hartog-kh15450;KO Hartog;KH15450;Provincialeweg – Engelendaal;Capelle a/d IJssel;OB24007688;KO Hartog;;;;
ko-hartog-kh15375;KO Hartog;KH15375;Straatweg - Ceintuurbaan - Bergweg;Capelle a/d IJssel;OB24007686;KO Hartog;;;;
ko-hartog-kh18210;KO Hartog;KH18210;Schilderstraat - Schiedamsedijk;Den Haag;OB24007725;KO Hartog;;;;
ko-hartog-kh17625;KO Hartog;KH17625;N217 - A29-WEST;Gouda;OB24007773;KO Hartog;;;;
ko-hartog-kh14490;KO Hartog;KH14490;Capelseweg - Zevensprong - Evenaar;Hardinxveld-Giessendam;OB24007672;KO Hartog;;;;
ko-hartog-kh19650;KO Hartog;KH19650;De Grent - Palaceplein;Heinenoord;OB24007745;KO Hartog;;;;
ko-hartog-kh19665;KO Hartog;KH19665;Gooweg - Van der Mortelstraat;Heinenoord;OB24007746;KO Hartog;;;;
ko-hartog-kh20130;KO Hartog;KH20130;Industrieweg - Treviso;Heinenoord;OB24007755;KO Hartog;;;;
ko-hartog-kh20160;KO Hartog;KH20160;Zandkreeksluis (N256) Master;Heinenoord;OB24007756;KO Hartog;;;;
ko-hartog-kh17670;KO Hartog;KH17670;N217 - Tienvoet (Busbaan);Hendrik Ido Ambacht;OB24007776;KO Hartog;;;;
ko-hartog-kh14670;KO Hartog;KH14670;Spinozaweg - Victor Hugoweg;Hendrik Ido Ambacht;OB24007678;KO Hartog;;;;
ko-hartog-kh14445;KO Hartog;KH14445;Abram van Rijckevorselweg (N219) - Oosterlengte;Hoek van Holland;OB24007764;KO Hartog;;;;
ko-hartog-kh15735;KO Hartog;KH15735;Abram van Rijkevorselweg-Algeraweg-Prins Alexanderlaan (Capelseplein) (KP710103);Hoek van Holland;OB24007698;KO Hartog;;;;
ko-hartog-kh16590;KO Hartog;KH16590;N457 - A12 Zuid;Hoek van Holland;OB24007768;KO Hartog;;;;
ko-hartog-kh20175;KO Hartog;KH20175;Zandkreeksluis (N256) slave;Hoek van Holland;OB24007757;KO Hartog;;;;
ko-hartog-kh17310;KO Hartog;KH17310;K702: Kruisweg - N207 (Prov.weg/Herenweg) - N446 (Kruisweg);Kortgene;OB24007716;KO Hartog;;;;
ko-hartog-kh17325;KO Hartog;KH17325;K722: N207 - Herenweg;Kortgene;OB24007772;KO Hartog;;;;
ko-hartog-kh17375;KO Hartog;KH17375;K044B: Vulcaanweg - Spoorwegovergang;Krimpen a/d IJssel;OB24007718;KO Hartog;;;;
ko-hartog-kh16635;KO Hartog;KH16635;N451 - A12 Noord (Toe- en afrit A12) Goudse Poort;Krimpen a/d IJssel;OB24007771;KO Hartog;;;;
ko-hartog-kh16620;KO Hartog;KH16620;N451 - N452;Krimpen a/d IJssel;OB24007770;KO Hartog;;;;
ko-hartog-kh16920;KO Hartog;KH16920;N59 -: De Tille;Krimpen a/d IJssel;OB24007707;KO Hartog;;;;
ko-hartog-kh14550;KO Hartog;KH14550;Prins Alexanderlaan - 's Gravenweg;Krimpen a/d IJssel;OB24007673;KO Hartog;;;;
ko-hartog-kh17265;KO Hartog;KH17265;Blaak - André van der Louwbrug;Leiderdorp;OB24007713;KO Hartog;;;;
ko-hartog-kh17190;KO Hartog;KH17190;Bosporusstraat - Interne baan;Leiderdorp;OB24007710;KO Hartog;;;;
ko-hartog-kh17880;KO Hartog;KH17880;Maastunnel Noord (parkeren bij straat Parkhaven);Leiderdorp;OB24007720;KO Hartog;;;;
ko-hartog-kh17295;KO Hartog;KH17295;Mariniersweg - Burg. v. Walsumweg;Leiderdorp;OB24007715;KO Hartog;;;;
ko-hartog-kh17220;KO Hartog;KH17220;Missouriweg - Interne baan;Leiderdorp;OB24007712;KO Hartog;;;;
ko-hartog-kh17280;KO Hartog;KH17280;Overblaak - Burg. V. Walsumweg;Leiderdorp;OB24007714;KO Hartog;;;;
ko-hartog-kh17685;KO Hartog;KH17685;Veilingweg - Marie Overeijnderweg (Stoopweg);Leiderdorp;OB24007719;KO Hartog;;;;
ko-hartog-kh17205;KO Hartog;KH17205;Yukonweg - Interne baan;Leiderdorp;OB24007711;KO Hartog;;;;
ko-hartog-kh15345;KO Hartog;KH15345;Burgemeester Pruissingel – Riouwlaan – Van der Driftstraat;Noordwijk;OB24007685;KO Hartog;;;;
ko-hartog-kh14880;KO Hartog;KH14880;Kanaalweg-'s Gravenweg;Noordwijk;OB24007684;KO Hartog;;;;
ko-hartog-kh18286;KO Hartog;KH18286;"'Hofplein'; Coolsingel - Pompenburg - Schiekade Sectiekast";Oude-Tonge;OB24007731;KO Hartog;;;;
ko-hartog-kh20580;KO Hartog;KH20580;Nieuwe Tiendweg - Stad en Landschap;Papendrecht;OB24007759;KO Hartog;;;;
ko-hartog-kh20190;KO Hartog;KH20190;Riviaduct (N210) Abram van Rijckevorselweg - Rivium;Papendrecht;OB24007758;KO Hartog;;;;
ko-hartog-kh17895;KO Hartog;KH17895;Maastunnel Zuid;Rijswijk;OB24007721;KO Hartog;;;;
ko-hartog-kh17910;KO Hartog;KH17910;Rotonde N223 - Haakweg;Rijswijk;OB24007777;KO Hartog;;;;
ko-hartog-kh18225;KO Hartog;KH18225;"'Churchillplein'; Coolsingel - Blaak - Schiedamsedijk";Rotterdam;OB24007726;KO Hartog;;;;
ko-hartog-kh18285;KO Hartog;KH18285;"'Hofplein'; Coolsingel - Pompenburg - Schiekade";Rotterdam;OB24007730;KO Hartog;;;;
ko-hartog-kh15390;KO Hartog;KH15390;'s Gravelandseweg - De Brauwweg KP308;Rotterdam;OB24007687;KO Hartog;;;;
ko-hartog-kh14220;KO Hartog;KH14220;A16 (op- en afrit Zuid) - Hendrik Ydenweg;Rotterdam;OB24007763;KO Hartog;;;;
ko-hartog-kh14535;KO Hartog;KH14535;Abram van Rijckevorselweg (N210) - Ijsselmondselaan (KP712306);Rotterdam;OB24007767;KO Hartog;;;;
ko-hartog-kh14520;KO Hartog;KH14520;Abram van Rijckevorselweg (N219) - Blaardorpseweg;Rotterdam;OB24007766;KO Hartog;;;;
ko-hartog-kh19890;KO Hartog;KH19890;Abram van Rijckevorselweg - Afrit Kralingsezoom;Rotterdam;OB24007752;KO Hartog;;;;
ko-hartog-kh14820;KO Hartog;KH14820;Abram van Rijckevorselweg-Slotlaan-Schenkelsedreef (KP710984);Rotterdam;OB24007680;KO Hartog;;;;
ko-hartog-kh13050;KO Hartog;KH13050;Bergweg - Gordelweg;Rotterdam;OB24007652;KO Hartog;;;;
ko-hartog-kh18240;KO Hartog;KH18240;Beursplein - Bulgersteyn - Coolsingel;Rotterdam;OB24007727;KO Hartog;;;;
ko-hartog-kh14580;KO Hartog;KH14580;Blaak - Ds. Jan Scharpstraat;Rotterdam;OB24007674;KO Hartog;;;;
ko-hartog-kh16005;KO Hartog;KH16005;Boezemlaan - Bosdreef - Nieuwe Boezemlaan;Rotterdam;OB24007699;KO Hartog;;;;
ko-hartog-kh16020;KO Hartog;KH16020;Bosdreef - ir. P. Kosterlaan;Rotterdam;OB24007700;KO Hartog;;;;
ko-hartog-kh14700;KO Hartog;KH14700;Boszoom - Prinsenlaan;Rotterdam;OB24007679;KO Hartog;;;;
ko-hartog-kh18195;KO Hartog;KH18195;Botlekweg - Theemsweg;Rotterdam;OB24007724;KO Hartog;;;;
ko-hartog-kh18180;KO Hartog;KH18180;Botlekweg - Welplaatweg;Rotterdam;OB24007723;KO Hartog;;;;
ko-hartog-kh13515;KO Hartog;KH13515;De Rik t.h.v. Riksestraatje (voetpad) en St.Leonardusschool VOP;Rotterdam;OB24007662;KO Hartog;;;;
ko-hartog-kh18270;KO Hartog;KH18270;Doelwater - Coolsingel;Rotterdam;OB24007729;KO Hartog;;;;
ko-hartog-kh19275;KO Hartog;KH19275;Dorpsweg - Wolphaertsbocht;Rotterdam;OB24007743;KO Hartog;;;;
ko-hartog-kh15525;KO Hartog;KH15525;Engelendaal – Gallaslaan – De Houtkamp;Rotterdam;OB24007693;KO Hartog;;;;
ko-hartog-kh15510;KO Hartog;KH15510;Engelendaal – Winkelhof – Laan van Berendrecht;Rotterdam;OB24007692;KO Hartog;;;;
ko-hartog-kh13485;KO Hartog;KH13485;G.J. van den Boogerdweg - Johan H Beenlaan VOP;Rotterdam;OB24007660;KO Hartog;;;;
ko-hartog-kh13500;KO Hartog;KH13500;G.J. van den Boogerdweg t.h.v. Bres Theater VOP;Rotterdam;OB24007661;KO Hartog;;;;
ko-hartog-kh11370;KO Hartog;KH11370;Goudsesingel - Mariniersweg;Rotterdam;OB24007647;KO Hartog;;;;
ko-hartog-kh16950;KO Hartog;KH16950;Grote Kreek - Kreekhuizenlaan - Reyerdijk;Rotterdam;OB24007708;KO Hartog;;;;
ko-hartog-kh15675;KO Hartog;KH15675;Haagweg - Geestbrugweg;Rotterdam;OB24007696;KO Hartog;;;;
ko-hartog-kh15690;KO Hartog;KH15690;Haagweg - Lindelaan;Rotterdam;OB24007697;KO Hartog;;;;
ko-hartog-kh19260;KO Hartog;KH19260;Hartelkruis Noord - Botlekweg;Rotterdam;OB24007742;KO Hartog;;;;
ko-hartog-kh19770;KO Hartog;KH19770;Honingerdijk - Maasboulevard;Rotterdam;OB24007747;KO Hartog;;;;
ko-hartog-kh12570;KO Hartog;KH12570;Hoogstraat - Mariniersweg;Rotterdam;OB24007649;KO Hartog;;;;
ko-hartog-kh14850;KO Hartog;KH14850;Kanaalweg-Bermweg;Rotterdam;OB24007682;KO Hartog;;;;
ko-hartog-kh14205;KO Hartog;KH14205;Langeweg - Hendrik Ydenweg - Munnikensteeg;Rotterdam;OB24007667;KO Hartog;;;;
ko-hartog-kh13305;KO Hartog;KH13305;Lepelaarsingel - Dillenburgsingel;Rotterdam;OB24007655;KO Hartog;;;;
ko-hartog-kh19785;KO Hartog;KH19785;Maasboulevard - Willem Ruyslaan;Rotterdam;OB24007748;KO Hartog;;;;
ko-hartog-kh19245;KO Hartog;KH19245;Marconiplein - Mathenesserweg;Rotterdam;OB24007741;KO Hartog;;;;
ko-hartog-kh13065;KO Hartog;KH13065;Mathenesserlaan - 's- Gravendijkwal;Rotterdam;OB24007653;KO Hartog;;;;
ko-hartog-kh18255;KO Hartog;KH18255;Meent - Aert van Nesstraat - Coolsingel;Rotterdam;OB24007728;KO Hartog;;;;
ko-hartog-kh11775;KO Hartog;KH11775;Melanchtonweg;Rotterdam;OB24007648;KO Hartog;;;;
ko-hartog-kh19980;KO Hartog;KH19980;N210 - Industrieweg - Nieuwe Tiendweg;Rotterdam;OB24007753;KO Hartog;;;;
ko-hartog-kh13290;KO Hartog;KH13290;N451 (Goudse Poort) - Op- en afrit A12 Zuid (was KP5202);Rotterdam;OB24007760;KO Hartog;;;;
ko-hartog-kh16605;KO Hartog;KH16605;N457 - N451 - A12 Noord;Rotterdam;OB24007769;KO Hartog;;;;
ko-hartog-kh14130;KO Hartog;KH14130;Op- en afrit A4 - N11 West;Rotterdam;OB24007761;KO Hartog;;;;
ko-hartog-kh14145;KO Hartog;KH14145;Op- en Afrit A4/N11 Oost;Rotterdam;OB24007762;KO Hartog;;;;
ko-hartog-kh15540;KO Hartog;KH15540;Persant Snoepweg – Engelendaal – Simon Smitweg;Rotterdam;OB24007694;KO Hartog;;;;
ko-hartog-kh15555;KO Hartog;KH15555;Persant Snoepweg – Van der Valk Boumanweg – Acacialaan;Rotterdam;OB24007695;KO Hartog;;;;
ko-hartog-kh10830;KO Hartog;KH10830;Pleinweg - Blankenburgstraat;Rotterdam;OB24007645;KO Hartog;;;;
ko-hartog-kh10845;KO Hartog;KH10845;Pleinweg - Polslandstraat;Rotterdam;OB24007646;KO Hartog;;;;
ko-hartog-kh13185;KO Hartog;KH13185;Pr. Alexanderlaan - Prinsenlaan - Burgaslaan;Rotterdam;OB24007654;KO Hartog;;;;
ko-hartog-kh14835;KO Hartog;KH14835;Schenkelsedreef-'s Gravenweg;Rotterdam;OB24007681;KO Hartog;;;;
ko-hartog-kh12945;KO Hartog;KH12945;Schiekade - Ungerplein;Rotterdam;OB24007651;KO Hartog;;;;
ko-hartog-kh12930;KO Hartog;KH12930;Schieweg - Bergselaan;Rotterdam;OB24007650;KO Hartog;;;;
ko-hartog-kh14655;KO Hartog;KH14655;Spinozaweg - Bierens de Haanweg - Guido Gezelleweg;Rotterdam;OB24007677;KO Hartog;;;;
ko-hartog-kh14625;KO Hartog;KH14625;Spinozaweg - Catullusweg - Pythagorasweg;Rotterdam;OB24007675;KO Hartog;;;;
ko-hartog-kh14640;KO Hartog;KH14640;Spinozaweg - Molenvliet - Pascalweg;Rotterdam;OB24007676;KO Hartog;;;;
ko-hartog-kh18570;KO Hartog;KH18570;Stationsweg 1 (Bij Stena Line Nederland);Rotterdam;OB24007733;KO Hartog;;;;
ko-hartog-kh19140;KO Hartog;KH19140;Trentweg - Botlekweg;Rotterdam;OB24007738;KO Hartog;;;;
ko-hartog-kh19155;KO Hartog;KH19155;Trentweg - Botlekweg (sectiekast);Rotterdam;OB24007739;KO Hartog;;;;
ko-hartog-kh13620;KO Hartog;KH13620;Vaanweg - Victor Hugoweg;Rotterdam;OB24007663;KO Hartog;;;;
ko-hartog-kh13410;KO Hartog;KH13410;Vierhavenstraat - GOP Europoint;Rotterdam;OB24007659;KO Hartog;;;;
ko-hartog-kh14025;KO Hartog;KH14025;Vondelingenweg - Groenedijk;Rotterdam;OB24007664;KO Hartog;;;;
ko-hartog-kh13320;KO Hartog;KH13320;Westhavenkade - Galgkade - Deltabrug;Rotterdam;OB24007656;KO Hartog;;;;
ko-hartog-kh19995;KO Hartog;KH19995;"Wisselstrookkast; N210 - Industrieweg - Nieuwe Tiendweg";Rotterdam;OB24007754;KO Hartog;;;;
ko-hartog-kh14865;KO Hartog;KH14865;Abram van Rijkevorselweg-Rivierweg-Kanaalweg (KP710875);Schiedam;OB24007683;KO Hartog;;;;
ko-hartog-kh14460;KO Hartog;KH14460;Burgemeester van Beresteijnlaan - 's Gravenweg;Schiedam;OB24007670;KO Hartog;;;;
ko-hartog-kh14475;KO Hartog;KH14475;Burgemeester van Beresteijnlaan - Schollevaartseweg (KP710071);Schiedam;OB24007671;KO Hartog;;;;
ko-hartog-kh16995;KO Hartog;KH16995;Dirk vd Kooijweg - Terbregseweg;Schiedam;OB24007709;KO Hartog;;;;
ko-hartog-kh19875;KO Hartog;KH19875;'Strandboulevard';Vlaardingen;OB24007751;KO Hartog;;;;
ko-hartog-kh19860;KO Hartog;KH19860;'Strandweg';Vlaardingen;OB24007750;KO Hartog;;;;
ko-hartog-kh16890;KO Hartog;KH16890;Van Limburg Stirumplein;Vlaardingen;OB24007706;KO Hartog;;;;
ko-hartog-kh13395;KO Hartog;KH13395;Vierhavenstraat - Keileweg;Vlaardingen;OB24007658;KO Hartog;;;;
ko-hartog-kh13380;KO Hartog;KH13380;Vierhavenstraat - Speedwellstraat;Vlaardingen;OB24007657;KO Hartog;;;;
ko-hartog-kh18840;KO Hartog;KH18840;A15 - N214 - N3 Noord;Waddinxveen;OB24007779;KO Hartog;;;;
ko-hartog-kh19200;KO Hartog;KH19200;Nieuwe Tiendweg - Boerhaavelaan / Nieuwe Tiendweg - Buys Ballotsingel;Waddinxveen;OB24007740;KO Hartog;;;;
ko-hartog-kh19050;KO Hartog;KH19050;Parallelweg - Giessenzoom (spoorwegovergang);Waddinxveen;OB24007736;KO Hartog;;;;
ko-hartog-kh19095;KO Hartog;KH19095;Rivium Promenade - Rivium Boulevard;Waddinxveen;OB24007737;KO Hartog;;;;
ko-hartog-kh19800;KO Hartog;KH19800;Abram van Rijkevorselweg - Burg. Oudlaan;Woubrugge;OB24007749;KO Hartog;;;;
ko-hartog-kh19350;KO Hartog;KH19350;TWI Scheepvaartweg - Slimme Watering;Woubrugge;OB24007744;KO Hartog;;;;
ko-hartog-kh17640;KO Hartog;KH17640;N217 - A29-OOST;Zoeterwoude-Rijndijk;OB24007774;KO Hartog;;;;
ko-hartog-kh17655;KO Hartog;KH17655;N217 - N489 - Reedijk;Zoeterwoude-Rijndijk;OB24007775;KO Hartog;;;;
leidschendam-k2011;Leidschendam-Voorburg;K2011;Pr. Mariannelaan - Binckhorstlaan;Voorburg;OB00443717;;;;52,061148;4,34621
leidschendam-k2012;Leidschendam-Voorburg;K2012;Pr. Mariannelaan - Fontynenburglaan;Voorburg;OB00443716;;;;52,062629;4,349452
leidschendam-k2013;Leidschendam-Voorburg;K2013;Pr.Mariannelaan - Laan v. Middenburg - Heeswijkstr;Voorburg;OB00443715;;;;52,063797;4,351881
leidschendam-k2022;Leidschendam-Voorburg;K2022;Parkweg - Laan v. Nieuw Oosteinde - Zwartelaan;Voorburg;OB00443698;;;;52,067724;4,3588
leidschendam-k2024;Leidschendam-Voorburg;K2024;Parkweg - Rozenboomlaan;Voorburg;OB00443706;;;;52,070355;4,365463
leidschendam-k2031;Leidschendam-Voorburg;K2031;Utrchtsebaan - Pr. Bernardlaan - L.v.N.O.Einde;Voorburg;OB00443699;;;;52,068907;4,356513
leidschendam-k2033;Leidschendam-Voorburg;K2033;Pr. Bernardlaan (postkantoor);Voorburg;OB00443727;;;;52,070368;4,359802
leidschendam-k2034;Leidschendam-Voorburg;K2034;Pr.Bernardlaan - Rozenboomlaan - Kon. Julianalaan;Voorburg;OB00443728;;;;52,073713;4,360556
leidschendam-k2035;Leidschendam-Voorburg;K2035;Pr. Bernardlaan - Spinozalaan - Noteboompark;Voorburg;OB00443729;;;;52,075531;4,362324
leidschendam-k2038;Leidschendam-Voorburg;K2038;Pr. Bernardlaan - Rembrandlaan - St. Martinuslaan;Voorburg;OB00443705;;;;52,079125;4,369228
leidschendam-k2039;Leidschendam-Voorburg;K2039;Pr. Bernardlaan - Rodelaan;Voorburg;OB00443707;;;;52,0827;4,374917
leidschendam-k2041;Leidschendam-Voorburg;K2041;Kon. Wilhelminalaan - v. Sevenbergestraat;Voorburg;OB00443713;;;;52,075367;4,342589
leidschendam-k2044;Leidschendam-Voorburg;K2044;Kon.Julianalaan - Mgr. v. Steelaan;Voorburg;OB00443711;;;;52,076873;4,355007
leidschendam-k2045;Leidschendam-Voorburg;K2045;Mgr. v. Steelaan - Spinozalaan;Voorburg;OB00443712;;;;52,078395;4,358771
leidschendam-k2048;Leidschendam-Voorburg;K2048;Mgr. v. Steelaan - St. Martinuslaan;Voorburg;OB00443709;;;;52,08181;4,365573
leidschendam-k2049;Leidschendam-Voorburg;K2049;Mgr. v. Steelaan - Rodelaan;Voorburg;OB00443710;;;;52,085028;4,37126
leidschendam-k2050;Leidschendam-Voorburg;K2050;Mgr. v. Steelaan - Hofzichtlaan;Voorburg;OB00443730;;;;52,086735;4,372007
leidschendam-k2053;Leidschendam-Voorburg;K2053;L.v. N. O. Einde - Kon. Julianalaan;Voorburg;OB00443732;;;;52,078898;4,345846
leidschendam-k2054;Leidschendam-Voorburg;K2054;Kon.Julianalaan - Bruinings Ingenhoeslaan;Voorburg;OB00443733;;;;52,077907;4,350387
leidschendam-k2055;Leidschendam-Voorburg;K2055;Hofzichtlaan - Appelgaarde;Voorburg;OB00443708;;;;52,088942;4,368961
leidschendam-k2056;Leidschendam-Voorburg;K2056;L.v. N. O. Einde - Prins van Lignesstraat;Voorburg;OB00443726;;;;52,071983;4,352749
leidschendam-k2401;Leidschendam-Voorburg;K2401;Heuvelweg- Weigelia;Leidschendam;OB00443681;;;;52,090152;4,380373
leidschendam-k2402;Leidschendam-Voorburg;K2402;Heuvelweg - Burg. Banninglaan;Leidschendam;OB00443685;;;;52,091465;4,3834
leidschendam-k2403;Leidschendam-Voorburg;K2403;Heuvelweg - Gruttolaan;Leidschendam;OB00443722;;;;52,093031;4,386122
leidschendam-k2404;Leidschendam-Voorburg;K2404;Heuvelweg - Burg kolfschotenlaan;Leidschendam;OB00443718;;;;52,09481;4,389078
leidschendam-k2405;Leidschendam-Voorburg;K2405;Heuvelweg - Prinsensingel;Leidschendam;OB00443719;;;;52,096423;4,392712
leidschendam-k2406;Leidschendam-Voorburg;K2406;Noordsingel - J.S. Bachlaan;Leidschendam;OB00443684;;;;52,088429;4,388077
leidschendam-k2407;Leidschendam-Voorburg;K2407;Noordsingel - Burg. Sweenslaan;Leidschendam;OB00443686;;;;52,089998;4,391548
leidschendam-k2408;Leidschendam-Voorburg;K2408;Noordsingel - Burg. Kolfschotenlaan;Leidschendam;OB00443687;;;;52,091566;4,394224
leidschendam-k2409;Leidschendam-Voorburg;K2409;Noordsingel - Prinsensingel;Leidschendam;OB00443721;;;;52,092866;4,396859
leidschendam-k2411;Leidschendam-Voorburg;K2411;Oude Trambaan - Dr. V.d. Stamstraat;Leidschendam;OB00443694;;;;52,080733;4,389681
leidschendam-k2412;Leidschendam-Voorburg;K2412;Kon. Julianaweg - J.S. Bachlaan;Leidschendam;OB00443690;;;;52,08414;4,394207
leidschendam-k2413;Leidschendam-Voorburg;K2413;Oude trambaan-Rijnlandstraat-bachlaan;Leidschendam;OB20036850;;;;52,083554;4,395152
leidschendam-k2414;Leidschendam-Voorburg;K2414;Oude Trambaan - Damlaan;Leidschendam;OB00443692;;;;52,082952;4,39437
leidschendam-k2415;Leidschendam-Voorburg;K2415;Mgr. v.Steelaan - Kersengaarde - Distelweide;Voorburg;OB00443731;;;;52,088153;4,374992
leidschendam-k2416;Leidschendam-Voorburg;K2416;Nieuwstraat;Leidschendam;OB00443695;;;;52,078574;4,398497
leidschendam-k2418;Leidschendam-Voorburg;K2418;Gr. W. de Rijkelaan - Kastelenring;Leidschendam;OB00443682;;;;52,097765;4,395045
leidschendam-k2419;Leidschendam-Voorburg;K2419;Heuvelweg - Iisvogellaan - Lavendel;Leidschendam;OB00443720;;;;52,089159;4,377897
leidschendam-k2420;Leidschendam-Voorburg;K2420;Noordsingel - Dillenburgsingel;Leidschendam;OB00443688;;;;52,096431;4,404855
leidschendam-k2421;Leidschendam-Voorburg;K2421;Noordsingel - Veursestraatweg;Leidschendam;OB00443691;;;;52,094912;4,411459
leidschendam-k2422;Leidschendam-Voorburg;K2422;Noordsingel - Pr. Carolienelaan;Leidschendam;OB00443689;;;;52,094748;4,401071
leidschendam-k2423;Leidschendam-Voorburg;K2423;Noordsingel - Weigelia;Leidschendam;OB00443683;;;;52,086863;4,383942
leidschendam-k2424;Leidschendam-Voorburg;K2424;Sluisbrug;Leidschendam;OB00443725;;;;52,079931;4,397485
leidschendam-k2426;Leidschendam-Voorburg;K2426;Vlietweg - Afslag A4;Leidschendam;OB00443696;;;;52,077711;4,390283
leidschendam-k2429;Leidschendam-Voorburg;K2429;Westvlietweg - Oude Tolbrug;Leidschendam;OB00443697;;;;52,060861;4,354728
leidschendam-k2430;Leidschendam-Voorburg;K2430;Oude Trambaan - Pr. Hendriklaan;Leidschendam;OB00443723;;;;52,087179;4,400336
leidschendam-k2431;Leidschendam-Voorburg;K2431;Oude Trambaan - de Koppels;Leidschendam;OB00443724;;;;52,090129;4,405348
ret-ck-19-04;RET;CK 19-04;Avenue Carnisse;Barendrecht;OB19156966;;;;51,85215;4,50126
ret-ck-19-05;RET;CK 19-05;Avenue Carnisse;Barendrecht;OB19157093;;;;51,85202;4,5016
ret-ck-19-06;RET;CK 19-06;Avenue Carnisse;Barendrecht;OB19157094;;;;51,85437;4,50181
ret-ck-19-03;RET;CK 19-03;Middeldijkerplein;Barendrecht;OB19157028;;;;51,84845;4,50119
ret-ck-19-01;RET;CK 19-01;Steurwater;Barendrecht;OB19157074;;;;51,84536;4,5007
ret-ck-19-02;RET;CK 19-02;Steurwater;Barendrecht;OB19157163;;;;51,84593;4,50094
ret-ck-19-18;RET;CK 19-18;Vrijenburg;Barendrecht;OB19157083;;;;51,86175;4,50304
ret-ck-19-19;RET;CK 19-19;Vrijenburg;Barendrecht;OB19157168;;;;51,86034;4,50286
ret-ck-19-20;RET;CK 19-20;Vrijenburg;Barendrecht;OB19157169;;;;51,85784;4,50101
ret-ck-18-01;RET;CK 18-01;Rotterdamseweg;Ridderkerk;OB19157056;;;;51,8861;4,56991
ret-ck-02-05;RET;CK 02-05;2e Middellandstraat;Rotterdam;OB19157076;;;;51,91763;4,45604
ret-ck-17-04;RET;CK 17-04;2e Rosestraat;Rotterdam;OB19157077;;;;51,89992;4,50796
ret-ck-17-07;RET;CK 17-07;2e Rosestraat;Rotterdam;OB19157164;;;;51,90018;4,51207
ret-ck-04-07;RET;CK 04-07;Allard Piersonstraat;Rotterdam;OB19157045;;;;51,92343;4,38953
ret-ck-04-03;RET;CK 04-03;Bachplein;Rotterdam;OB19156967;;;;51,93763;4,37123
ret-ck-17-19;RET;CK 17-19;Beijerlandselaan;Rotterdam;OB19156968;;;;51,89533;4,5103
ret-ck-11-06;RET;CK 11-06;Benthuizenstraat;Rotterdam;OB19156969;;;;51,93501;4,47927
ret-ck-13-06v;RET;CK 13-06V;Bentinckplein;Rotterdam;OB19156970;;;;51,92574;4,46776
ret-ckv-13-06;RET;CKV-13-06;Bentinckplein;Rotterdam;OB19157095;;;;51,92687;4,46216
ret-ck-11-02;RET;CK 11-02;Bergweg;Rotterdam;OB19156971;;;;51,93864;4,47973
ret-ck-11-04;RET;CK 11-04;Bergweg;Rotterdam;OB19157096;;;;51,93333;4,47308
ret-ck-11-05;RET;CK 11-05;Bergweg;Rotterdam;OB19157097;;;;51,93522;4,4758
ret-ck-15-01;RET;CK 15-01;Beukendaal;Rotterdam;OB19156972;;;;51,88765;4,52044
ret-ck-08-01;RET;CK 08-01;Beursplein;Rotterdam;OB19156973;;;;51,91887;4,48032
ret-ck-04-08;RET;CK 04-08;Bijdorp;Rotterdam;OB19157033;;;;51,92378;4,38142
ret-ck-08-05;RET;CK 08-05;Blaak;Rotterdam;OB19156974;;;;51,91962;4,48771
ret-ck-04-12;RET;CK 04-12;Boeier;Rotterdam;OB19156975;;;;51,94209;4,36843
ret-ck-15-03;RET;CK 15-03;Boergoensevliet;Rotterdam;OB19156976;;;;51,88304;4,46443
ret-ck-15-08;RET;CK 15-08;Boergoensevliet;Rotterdam;OB19157098;;;;51,89074;4,46967
ret-ck-15-09;RET;CK 15-09;Boergoensevliet;Rotterdam;OB19157100;;;;51,89203;4,47151
ret-ck-15-15;RET;CK 15-15;Boergoensevliet;Rotterdam;OB19157099;;;;51,88756;4,46578
ret-ck-10-02;RET;CK 10-02;Boezembrug;Rotterdam;OB19156977;;;;51,92803;4,49658
ret-ck-10-06;RET;CK 10-06;Boezembrug;Rotterdam;OB19157101;;;;51,9298;4,49678
ret-ck-10-08;RET;CK 10-08;Boezemstraat;Rotterdam;OB19156978;;;;51,93219;4,49746
ret-ck-15-02;RET;CK 15-02;Breeplein;Rotterdam;OB19156980;;;;51,89018;4,51499
ret-ck-15-21;RET;CK 15-21;Brielselaan;Rotterdam;OB19156981;;;;51,89563;4,48682
ret-ck-08-06;RET;CK 08-06;Burg. van Walsumweg;Rotterdam;OB19156984;;;;51,92162;4,49414
ret-ck-08-06b;RET;CK 08-06B;Burg. van Walsumweg;Rotterdam;OB19157103;;;;;
ret-ck-10-03;RET;CK 10-03;Burgemeester Oudlaan;Rotterdam;OB19156985;;;;51,91706;4,51754
ret-ck-10-04;RET;CK 10-04;Burgemeester Oudlaan;Rotterdam;OB19157104;;;;51,91677;4,52195
ret-ck-10-10;RET;CK 10-10;Burgemeester Oudlaan;Rotterdam;OB19157105;;;;51,92247;4,52593
ret-ck-18-02;RET;CK 18-02;Cannenburchstraat;Rotterdam;OB19156986;;;;51,8856;4,56878
ret-ck-08-02;RET;CK 08-02;Churchillplein;Rotterdam;OB19156987;;;;51,91965;4,4802
ret-ck-02-01;RET;CK 02-01;Claes de Vrieselaan;Rotterdam;OB19156988;;;;51,91834;4,46009
ret-ck-10-01;RET;CK 10-01;Crooswijksestraat;Rotterdam;OB19156989;;;;51,9334;4,48908
ret-ck-01-13;RET;CK 01-13;Delftse Plein;Rotterdam;OB19156991;;;;51,92438;4,47217
ret-ck-01-14;RET;CK 01-14;Delftse Plein;Rotterdam;OB19157107;;;;51,92474;4,47348
ret-ck-06-03;RET;CK 06-03;Droogleever Fortuynplein;Rotterdam;OB19156992;;;;51,90837;4,46694
ret-ck-17-12;RET;CK 17-12;Dwarsdijk;Rotterdam;OB19156993;;;;51,89273;4,54038
ret-ck-07-10;RET;CK 07-10;Eendrachtsplein;Rotterdam;OB19156994;;;;51,91668;4,47326
ret-ck-15-10;RET;CK 15-10;Gaesbeekstraat;Rotterdam;OB19156995;;;;51,89669;4,4927
ret-ck-09-13;RET;CK 09-13;Goudsesingel;Rotterdam;OB19156996;;;;51,92369;4,49518
ret-ck-19-08;RET;CK 19-08;Groene Hilledijk;Rotterdam;OB19156997;;;;51,88947;4,50751
ret-ck-19-09;RET;CK 19-09;Groene Hilledijk;Rotterdam;OB19157108;;;;51,88584;4,50597
ret-ck-19-10;RET;CK 19-10;Groene Hilledijk;Rotterdam;OB19157109;;;;51,88327;4,505
ret-ck-16-10;RET;CK 16-10;Groene Tuin;Rotterdam;OB19156998;;;;51,88572;4,55434
ret-ck-17-13;RET;CK 17-13;Groene Tuin;Rotterdam;OB19157110;;;;51,89208;4,5459
ret-ck-17-14;RET;CK 17-14;Groene Tuin;Rotterdam;OB19157111;;;;51,89116;4,55022
ret-ck-17-15;RET;CK 17-15;Groene Tuin;Rotterdam;OB19157112;;;;51,89086;4,553
ret-ck-17-17;RET;CK 17-17;Groene Tuin;Rotterdam;OB19157113;;;;51,88756;4,55354
ret-ck-17-18;RET;CK 17-18;Groene Tuin;Rotterdam;OB19157114;;;;51,88995;4,5528
ret-ck-16-11;RET;CK 16-11;Groeninx van Zoelenlaan;Rotterdam;OB19156999;;;;51,88532;4,55171
ret-ck-16-13;RET;CK 16-13;Groeninx van Zoelenlaan;Rotterdam;OB19157115;;;;51,88531;4,55501
ret-ck-16-18;RET;CK 16-18;Groeninx van Zoelenlaan;Rotterdam;OB19157116;;;;51,88522;4,55888
ret-ck-16-19;RET;CK 16-19;Groeninx van Zoelenlaan;Rotterdam;OB19157117;;;;51,88578;4,56808
ret-ck-16-20;RET;CK 16-20;Groeninx van Zoelenlaan;Rotterdam;OB19157118;;;;51,88552;4,55014
ret-ck-14-08;RET;CK 14-08;Halte SFG;Rotterdam;OB19157000;;;;51,94248;4,46014
ret-ck-05-01;RET;CK 05-01;Heemraadsplein;Rotterdam;OB19157002;;;;51,91375;4,5357
ret-ck-05-03;RET;CK 05-03;Heemraadsplein;Rotterdam;OB19157119;;;;51,91204;4,4542
ret-ck-19-07;RET;CK 19-07;Hendrik Croesinckstraat;Rotterdam;OB19156979;;;;51,89046;4,5109
ret-ck-16-21;RET;CK 16-21;Herenwaard;Rotterdam;OB19157003;;;;51,88709;4,54957
ret-ck-16-22;RET;CK 16-22;Herenwaard;Rotterdam;OB19157120;;;;51,88774;4,54926
ret-ck-15-06;RET;CK 15-06;Hillevliet;Rotterdam;OB19157004;;;;51,89734;4,50243
ret-ck-15-11;RET;CK 15-11;Hillevliet;Rotterdam;OB19157121;;;;51,89805;4,49998
ret-ck-09-01;RET;CK 09-01;Honingerdijk;Rotterdam;OB19157007;;;;51,91655;4,51911
ret-ck-11-01;RET;CK 11-01;Hr Bokelweg;Rotterdam;OB19157008;;;;51,92721;4,47825
ret-ck-11-03;RET;CK 11-03;Hr Bokelweg;Rotterdam;OB19157122;;;;51,92928;4,48185
ret-ck-19-17;RET;CK 19-17;Kapelburg;Rotterdam;OB19157009;;;;51,86928;4,49767
ret-ck-14-03;RET;CK 14-03;Kastanjesingel;Rotterdam;OB19157010;;;;51,96039;4,47018
ret-ck-12-04;RET;CK 12-04;Kleiweg;Rotterdam;OB19157011;;;;51,94503;4,46801
ret-ck-12-07;RET;CK 12-07;Kleiweg;Rotterdam;OB19157123;;;;51,94427;4,46864
ret-ck-12-08;RET;CK 12-08;Kleiweg;Rotterdam;OB19157124;;;;51,94291;4,46934
ret-ck-16-02;RET;CK 16-02;Kreekhuizenplein;Rotterdam;OB19157012;;;;51,88192;4,54042
ret-ck-16-05;RET;CK 16-05;Kreekhuizenplein;Rotterdam;OB19157141;;;;51,8817;4,54395
ret-ck-16-06;RET;CK 16-06;Kreekhuizenplein;Rotterdam;OB19157142;;;;51,88295;4,54964
ret-ck-16-07;RET;CK 16-07;Kreekhuizenplein;Rotterdam;OB19157143;;;;51,88373;4,55237
ret-ck-16-08;RET;CK 16-08;Kreekhuizenplein;Rotterdam;OB19157144;;;;51,89851;4,57168
ret-ck-16-12;RET;CK 16-12;Kreekhuizenplein;Rotterdam;OB19157145;;;;51,88471;4,55265
ret-ck-17-11;RET;CK 17-11;Kreekkade;Rotterdam;OB19157013;;;;51,89335;4,53963
ret-ck-01-05;RET;CK 01-05;Kruisplein;Rotterdam;OB19157014;;;;51,92039;4,47181
ret-ck-01-08;RET;CK 01-08;Kruisplein;Rotterdam;OB19157125;;;;51,92121;4,47134
ret-ck-01-16;RET;CK 01-16;Kruisplein;Rotterdam;OB19157126;;;;51,92301;4,47089
ret-ck-01-17;RET;CK 01-17;Kruisplein;Rotterdam;OB19157127;;;;51,92134;4,4707
ret-ck-17-02;RET;CK 17-02;Laan op Zuid;Rotterdam;OB19157015;;;;51,90618;4,49883
ret-ck-17-03;RET;CK 17-03;Laan op Zuid;Rotterdam;OB19157128;;;;51,90426;4,50376
ret-ck-17-06;RET;CK 17-06;Laan op Zuid;Rotterdam;OB19157129;;;;51,90013;4,50748
ret-ck-09-12;RET;CK 09-12;Lage filterweg;Rotterdam;OB19157016;;;;51,91275;4,52217
ret-ck-19-15;RET;CK 19-15;Langenhorst;Rotterdam;OB19157017;;;;51,87183;4,49463
ret-ck-19-16;RET;CK 19-16;Langenhorst;Rotterdam;OB19157130;;;;51,86954;4,4951
ret-ck-16-09;RET;CK 16-09;Limbrichthoek;Rotterdam;OB19157018;;;;51,89822;4,57354
ret-ck-16-03;RET;CK 16-03;Lombardijen tunnel;Rotterdam;OB19157019;;;;51,88166;4,53345
ret-ck-15-13;RET;CK 15-13;Maashaven;Rotterdam;OB19157020;;;;51,89718;4,49342
ret-ck-07-05;RET;CK 07-05;Maasstraat;Rotterdam;OB19157021;;;;51,90963;4,48203
ret-ck-03-01;RET;CK 03-01;Marconiplein;Rotterdam;OB19157022;;;;;
ret-ck-03-02;RET;CK 03-02;Marconiplein;Rotterdam;OB19157131;;;;51,91339;4,43221
ret-ck-03-03;RET;CK 03-03;Mathenesserdijk;Rotterdam;OB19157023;;;;51,91401;4,43306
ret-ck-03-07;RET;CK 03-07;Mathenesserdijk;Rotterdam;OB19157132;;;;51,91669;4,4421
ret-ck-09-08;RET;CK 09-08;Mathenesserdijk;Rotterdam;OB19157031;;;;51,90851;4,52403
ret-ck-05-04;RET;CK 05-04;Mathenesserlaan;Rotterdam;OB19157024;;;;51,91442;4,45869
ret-ck-07-03;RET;CK 07-03;Mauritsweg;Rotterdam;OB19157025;;;;51,91916;4,47227
ret-ck-07-04;RET;CK 07-04;Mauritsweg;Rotterdam;OB19157133;;;;51,91651;4,47302
ret-ck-14-02;RET;CK 14-02;Meidoornsingel;Rotterdam;OB19157026;;;;51,95644;4,47178
ret-ck-14-04;RET;CK 14-04;Meidoornsingel;Rotterdam;OB19157134;;;;51,95894;4,47548
ret-ck-14-05;RET;CK 14-05;Melanchtonweg;Rotterdam;OB19157027;;;;51,94817;4,46219
ret-ck-14-06;RET;CK 14-06;Melanchtonweg;Rotterdam;OB19157135;;;;51,94844;4,46555
ret-ck-12-03;RET;CK 12-03;Molenlaan;Rotterdam;OB19157029;;;;51,95939;4,50378
ret-ck-16-01;RET;CK 16-01;Molenvliet;Rotterdam;OB19157030;;;;51,87791;4,52172
ret-ck-05-02;RET;CK 05-02;Nieuwe Binnenweg;Rotterdam;OB19157032;;;;51,91491;4,46574
ret-ck-17-10;RET;CK 17-10;Noorderhelling;Rotterdam;OB19157034;;;;51,89415;4,53239
ret-ck-11-07;RET;CK 11-07;Noordsingel;Rotterdam;OB19157035;;;;51,93175;4,47502
ret-ck-08-03;RET;CK 08-03;Oldebarneveltstraat;Rotterdam;OB19157036;;;;51,91979;4,47586
ret-ck-09-04;RET;CK 09-04;Oostplein;Rotterdam;OB19157037;;;;51,92422;4,49588
ret-ck-09-05;RET;CK 09-05;Oostplein;Rotterdam;OB19157136;;;;51,92359;4,49654
ret-ck-09-06;RET;CK 09-06;Oostplein;Rotterdam;OB19157137;;;;51,9229;4,49752
ret-ck-09-07;RET;CK 09-07;Oostzeedijk;Rotterdam;OB19157038;;;;51,92047;4,51046
ret-ck-09-11;RET;CK 09-11;Oude plantagedreef;Rotterdam;OB19157039;;;;51,91498;4,52146
ret-ck-03-04;RET;CK 03-04;PC. Hooftplein;Rotterdam;OB19157043;;;;51,91609;4,43592
ret-ck-06-09;RET;CK 06-09;Pelgrimsstraat;Rotterdam;OB19157044;;;;51,90506;4,44179
ret-ck-10-09;RET;CK 10-09;Pijperstraat;Rotterdam;OB19157046;;;;51,93324;4,49379
ret-ck-15-05;RET;CK 15-05;Polderlaan;Rotterdam;OB19157048;;;;51,89501;4,50629
ret-ck-01-04;RET;CK 01-04;Pompenburg;Rotterdam;OB19157049;;;;51,92458;4,47917
ret-ck-09-03;RET;CK 09-03;Pompenburg;Rotterdam;OB19157138;;;;51,92498;4,48539
ret-ck-04-09;RET;CK 04-09;Prinses Beatrixlaan;Rotterdam;OB19157050;;;;51,92936;4,37587
ret-ck-13-08;RET;CK 13-08;Proveniersplein;Rotterdam;OB19157051;;;;51,92574;4,46776
ret-ck-13-04;RET;CK 13-04;Provenierssingel;Rotterdam;OB19157052;;;;51,92783;4,47502
ret-ck-13-07;RET;CK 13-07;Provenierssingel;Rotterdam;OB19157139;;;;51,92847;4,47336
ret-ck-15-04;RET;CK 15-04;Randweg;Rotterdam;OB19157053;;;;51,89349;4,51011
ret-ck-15-12;RET;CK 15-12;Randweg;Rotterdam;OB19157140;;;;51,89335;4,50958
ret-ck-50-01;RET;CK 50-01;Remise Beverwaard;Rotterdam;OB19157054;;;;51,88558;4,56623
ret-ck-50-02;RET;CK 50-02;Remise Beverwaard;Rotterdam;OB19157146;;;;51,88613;4,56677
ret-ck-50-03;RET;CK 50-03;Remise Beverwaard;Rotterdam;OB19157147;;;;51,88496;4,56533
ret-ck-50-04;RET;CK 50-04;Remise Beverwaard;Rotterdam;OB19157148;;;;51,88288;4,56636
ret-ck-50-05;RET;CK 50-05;Remise Beverwaard;Rotterdam;OB19157149;;;;51,88328;4,56584
ret-ck-50-06;RET;CK 50-06;Remise Beverwaard;Rotterdam;OB19157150;;;;51,88317;4,5657
ret-ck-16-16;RET;CK 16-16;Rhijnauwensingel;Rotterdam;OB19157055;;;;51,89285;4,57009
ret-ck-16-17;RET;CK 16-17;Rhijnauwensingel;Rotterdam;OB19157151;;;;51,88846;4,56859
ret-ck-07-01;RET;CK 07-01;Schiedamsedijk Ketelaarstr;Rotterdam;OB19157057;;;;51,91304;4,48155
ret-ck-03-08;RET;CK 03-08;Schiedamseweg;Rotterdam;OB19157058;;;;51,91341;4,42445
ret-ck-03-09;RET;CK 03-09;Schiedamseweg;Rotterdam;OB19157152;;;;51,91382;4,41843
ret-ck-06-10;RET;CK 06-10;Schiedamseweg;Rotterdam;OB19157153;;;;51,91093;4,44055
ret-ck-01-03;RET;CK 01-03;Schiekade;Rotterdam;OB19157154;;;;51,92499;4,47724
ret-ck-13-05;RET;CK 13-05;Schiekade;Rotterdam;OB19157059;;;;51,93075;4,46987
ret-ck-13-02;RET;CK 13-02;Schieweg;Rotterdam;OB19157060;;;;51,93434;4,46488
ret-ck-16-14;RET;CK 16-14;Schinnebaan;Rotterdam;OB19157061;;;;51,89805;4,56848
ret-ck-16-15;RET;CK 16-15;Schinnebaan;Rotterdam;OB19157155;;;;51,89501;4,56731
ret-ck-09-09;RET;CK 09-09;Slaak;Rotterdam;OB19157063;;;;51,9232;4,4985
ret-ck-17-05;RET;CK 17-05;Slaghekstraat;Rotterdam;OB19157064;;;;51,89716;4,51094
ret-ck-19-11;RET;CK 19-11;Slinge;Rotterdam;OB19157065;;;;51,87866;4,50802
ret-ck-19-12;RET;CK 19-12;Slinge;Rotterdam;OB19157156;;;;51,87689;4,50427
ret-ck-19-13;RET;CK 19-13;Slinge;Rotterdam;OB19157157;;;;51,87497;4,50017
ret-ck-19-14;RET;CK 19-14;Slinge;Rotterdam;OB19157158;;;;51,87403;4,49576
ret-ck-16-04;RET;CK 16-04;Smeetslandsedijk;Rotterdam;OB19157066;;;;51,88215;4,52228
ret-ck-03-06;RET;CK 03-06;Spanjaardstraat;Rotterdam;OB19157159;;;;51,90938;4,44573
ret-ck-06-07;RET;CK 06-07;Spanjaardstraat;Rotterdam;OB19157067;;;;51,90661;4,44535
ret-ck-03-05;RET;CK 03-05;Spartastraat;Rotterdam;OB19157068;;;;51,91887;4,43381
ret-ck-01-02;RET;CK 01-02;Stadhuisstraat;Rotterdam;OB19157069;;;;51,92378;4,47773
ret-ck-17-08;RET;CK 17-08;Stadion Feyenoord;Rotterdam;OB19157070;;;;51,8957;4,52502
ret-ck-17-09;RET;CK 17-09;Stadionweg;Rotterdam;OB19157071;;;;51,89462;4,52778
ret-ck-01-06;RET;CK 01-06;Stationsplein;Rotterdam;OB19157073;;;;51,92376;4,4706
ret-ck-01-11;RET;CK 01-11;Stationsplein;Rotterdam;OB19157160;;;;51,92373;4,47087
ret-ck-01-12;RET;CK 01-12;Stationsplein;Rotterdam;OB19157161;;;;51,92364;4,47077
ret-ck-01-15;RET;CK 01-15;Stationsplein;Rotterdam;OB19157162;;;;51,9237;4,47092
ret-ck-12-02;RET;CK 12-02;Straatweg;Rotterdam;OB19157075;;;;51,94519;4,48298
ret-ck-13-01;RET;CK 13-01;v.Aerssenlaan;Rotterdam;OB19157078;;;;51,92612;4,45477
ret-ck-04-05;RET;CK 04-05;Van Deventerstraat;Rotterdam;OB19157079;;;;51,91454;4,40932
ret-ck-07-02;RET;CK 07-02;Vasteland;Rotterdam;OB19157080;;;;51,9124;4,4815
ret-ck-07-07;RET;CK 07-07;Vasteland;Rotterdam;OB19157165;;;;51,91191;4,47814
ret-ck-02-03;RET;CK 02-03;Vierambachtsstraat;Rotterdam;OB19157166;;;;51,91659;4,45143
ret-ck-02-02;RET;CK 02-02;Vierambachtstraat;Rotterdam;OB19157081;;;;51,91714;4,45373
ret-ck-07-11;RET;CK 07-11;Vollenhovenstraat;Rotterdam;OB19157082;;;;51,90972;4,47819
ret-ck-01-01;RET;CK 01-01;Weena;Rotterdam;OB19157084;;;;51,92435;4,47605
ret-ck-01-07;RET;CK 01-07;Weena;Rotterdam;OB19157170;;;;51,92307;4,47162
ret-ck-01-09;RET;CK 01-09;Weena;Rotterdam;OB19157171;;;;51,92382;4,4755
ret-ck-01-10;RET;CK 01-10;Weena;Rotterdam;OB19157172;;;;51,92375;4,47426
ret-ck-02-06;RET;CK 02-06;Westkruiskade;Rotterdam;OB19157173;;;;51,91947;4,46502
ret-ck-02-06v;RET;CK 02-06V;Westkruiskade;Rotterdam;OB19157085;;;;51,91357;4,43223
ret-ck-06-01;RET;CK 06-01;Westzeedijk;Rotterdam;OB19157086;;;;51,90638;4,46288
ret-ck-06-04;RET;CK 06-04;Westzeedijk;Rotterdam;OB19157174;;;;51,90528;4,45996
ret-ck-06-05;RET;CK 06-05;Westzeedijk;Rotterdam;OB19157175;;;;51,90393;4,45355
ret-ck-06-06;RET;CK 06-06;Westzeedijk;Rotterdam;OB19157176;;;;51,90437;4,4466
ret-ck-07-06;RET;CK 07-06;Westzeedijk;Rotterdam;OB19157177;;;;51,91164;4,47668
ret-ck-14-01;RET;CK 14-01;Wilgenplaslaan;Rotterdam;OB19157087;;;;51,95393;4,46858
ret-ck-14-07;RET;CK 14-07;Wilgenplaslaan;Rotterdam;OB19157179;;;;51,9558;4,46741
ret-ck-14-09;RET;CK 14-09;Wilgenplaslaan;Rotterdam;OB19157178;;;;51,95133;4,47036
ret-ck-17-01;RET;CK 17-01;Wilhelminaplein;Rotterdam;OB19157088;;;;51,90788;4,49164
ret-ck-09-10;RET;CK 09-10;Willem Ruyslaan;Rotterdam;OB19157089;;;;51,92122;4,50616
ret-ck-07-09;RET;CK 07-09;Witte de withstraat;Rotterdam;OB19157090;;;;51,91476;4,47517
ret-ck-15-14;RET;CK 15-14;Wolphaertsbocht;Rotterdam;OB19157091;;;;51,89158;4,47817
ret-ck-15-16;RET;CK 15-16;Wolphaertsbocht;Rotterdam;OB19157180;;;;51,89149;4,47299
ret-ck-15-17;RET;CK 15-17;Wolphaertsbocht;Rotterdam;OB19157182;;;;51,89354;4,48239
ret-ck-15-19;RET;CK 15-19;Wolphaertsbocht;Rotterdam;OB19157181;;;;51,89323;4,48182
ret-ck-10-05;RET;CK 10-05;Zaagmolenstraat;Rotterdam;OB19157092;;;;51,93361;4,48799
ret-ck-04-01;RET;CK 04-01;Broersvest;Schiedam;OB19156982;;;;51,91822;4,40207
ret-ck-04-18;RET;CK 04-18;Broersvest;Schiedam;OB19157102;;;;51,91569;4,4024
ret-ck-04-17;RET;CK 04-17;Buis;Schiedam;OB19156983;;;;51,94391;4,3708
ret-ck-04-14;RET;CK 04-14;Harreweg;Schiedam;OB19157001;;;;51,94434;4,37418
ret-ck-04-10;RET;CK 04-10;Hof van Spaland;Schiedam;OB19157005;;;;51,93454;4,37473
ret-ck-04-06;RET;CK 04-06;Parkweg;Schiedam;OB19157042;;;;51,92428;4,39444
ret-ck-04-02;RET;CK 04-02;Plein 40-45;Schiedam;OB19157047;;;;51,9233;4,40243
ret-ck-04-11;RET;CK 04-11;Schubertplein;Schiedam;OB19157062;;;;51,93746;4,36709
ret-ck-04-13;RET;CK 04-13;Station Schiedam Centrum;Schiedam;OB19157072;;;;51,92092;4,40666
ret-ck-20-05;RET;CK 20-05;Achterlangs;Vlaardingen;OB19156965;;;;51,9358;4,36212
ret-ck-20-02;RET;CK 20-02;De Loper;Vlaardingen;OB19156990;;;;51,93197;4,346
ret-ck-20-02v;RET;CK 20-02V;De Loper;Vlaardingen;OB19157106;;;;51,88558;4,56623
ret-ck-20-01;RET;CK 20-01;Holysingel;Vlaardingen;OB19157006;;;;51,93045;4,34199
ret-ck-20-03;RET;CK 20-03;Over de Dammen;Vlaardingen;OB19157040;;;;51,93361;4,35316
ret-ck-20-04;RET;CK 20-04;Parijslaan;Vlaardingen;OB19157041;;;;51,93494;4,35867
rijswijk-k01;Rijswijk;K01;Schaapweg - Sammersweg;Rijswijk;OB00328124;;;;52,042496;4,295243
rijswijk-k02;Rijswijk;K02;S.W. Churchilllaan - Strijplaan;Rijswijk;OB00328125;;;;52,029925;4,29982
rijswijk-k04;Rijswijk;K04;S.W. Churchilllaan - Van Mooklaan;Rijswijk;OB00328126;;;;52,032498;4,310153
rijswijk-k05;Rijswijk;K05;Pr. Beatrixlaan - v. Vredenburchweg;Rijswijk;OB00328127;;;;52,042674;4,307818
rijswijk-k06;Rijswijk;K06;Pr. Beatrixaan - Gen. Spoorlaan;Rijswijk;OB00328128;;;;52,038434;4,311413
rijswijk-k07;Rijswijk;K07;Pr. Beatrixlaan - Pr. Irenelaan + Middenterrein;Rijswijk;OB00328129;;;;52,037045;4,312802
rijswijk-k08;Rijswijk;K08;Pr. Beatrixlaan - S.W. Churchilllaan;Rijswijk;OB00328130;;;;52,034388;4,316039
rijswijk-k09;Rijswijk;K09;Pr. Beatrixlaan - Helfrichsingel;Rijswijk;OB00328131;;;;52,032518;4,317334
rijswijk-k11;Rijswijk;K11;Gen. Spoorlaan - Steenvoordelaan;Rijswijk;OB00328132;;;;52,039505;4,314649
rijswijk-k12;Rijswijk;K12;S.W. Churchilllaan - Harpsingel;Rijswijk;OB00328133;;;;52,03537;4,318601
rijswijk-k13;Rijswijk;K13;Gen. Spoorlaan - Huis te Landelaan;Rijswijk;OB00328134;;;;52,042387;4,320883
rijswijk-k14;Rijswijk;K14;S.W. Churchilllaan - Volmerlaan;Rijswijk;OB00328135;;;;52,03991;4,325496
rijswijk-k15;Rijswijk;K15;Volmerlaan - Verrijn Stuartlaan;Rijswijk;OB00328136;;;;52,03771;4,329138
rijswijk-k17;Rijswijk;K17;Diepenhorstlaan - Veraartlaan;Rijswijk;OB00328137;;;;52,039298;4,334805
rijswijk-k18;Rijswijk;K18;Diepenhorstlaan - A4;Rijswijk;OB00328138;;;;52,037691;4,337335
rijswijk-k19;Rijswijk;K19;Veraartlaan - Patentlaan;Rijswijk;OB00328139;;;;52,041244;4,338454
rijswijk-k20;Rijswijk;K20;Gen. Spoorlaan - Burg. Elsenlaan;Rijswijk;OB00328140;;;;52,048017;4,3313
rijswijk-k21;Rijswijk;K21;S.W. Churchilllaan - Burg. Elsenlaan;Rijswijk;OB00328141;;;;52,045983;4,333827
rijswijk-k22;Rijswijk;K22;Lindelaan - Jan Tooroplaan - Jozef Israelslaan;Rijswijk;OB00328142;;;;52,050085;4,33433
rijswijk-k25;Rijswijk;K25;Pr. Beatrixlaan - Wasstraat;Rijswijk;OB00328143;;;;52,034746;4,315581
rijswijk-k26;Rijswijk;K26;Laan van Hoornwijck - Laan van Delfvliet A13;Rijswijk;OB00328144;;;;52,047509;4,34926
rijswijk-k27;Rijswijk;K27;Laan van Hoornwijck - Laan van Zuidhorn;Rijswijk;OB00328145;;;;52,048326;4,351882
rijswijk-k29;Rijswijk;K29;Haagweg - Geestbrugweg;Rijswijk;OB00328146;;;;52,056818;4,337903
rijswijk-k30;Rijswijk;K30;Haagweg - Lindelaan;Rijswijk;OB00328147;;;;52,055479;4,339078
rijswijk-k31;Rijswijk;K31;Haagweg - Acacialaan;Rijswijk;OB00328148;;;;52,05271;4,341646
rijswijk-k32;Rijswijk;K32;Geestbrugweg - Cromvlietkade;Rijswijk;OB00328149;;;;52,059307;4,34394
rijswijk-k33;Rijswijk;K33;Vrijenbanselaan - Broekmolenweg;Rijswijk;OB00328150;;;;52,024877;4,350271
rijswijk-k34;Rijswijk;K34;Vrijenbanselaan - ReigeKeg;Rijswijk;OB00328151;;;;52,026954;4,351967
rijswijk-k36;Rijswijk;K36;Gen. Eisenhowerplein - OV-Knoop;Rijswijk;OB00328152;;;;52,03755;4,32186
rijswijk-k37;Rijswijk;K37;Pr. Beatrixlaan - Haantje;Rijswijk;OB00328153;;;;52,018361;4,332237
rijswijk-k38;Rijswijk;K38;Pr. Beatrixlaan - Op/afrit A4;Rijswijk;OB00328154;;;;52,025896;4,324274
rijswijk-k39;Rijswijk;K39;Laan van Hoornwijck - Madame Curielaan;Rijswijk;OB00328155;;;;52,049736;4,346339
rijswijk-k42;Rijswijk;K42;Burg. Elsenlaan - Handelskade;Rijswijk;OB00328156;;;;52,044561;4,33613
rijswijk-k43;Rijswijk;K43;Burg. Elsenlaan - Limpergstraat;Rijswijk;OB00328157;;;;52,042126;4,339436
rijswijk-k44;Rijswijk;K44;Volmerlaan - Visseringlaan;Rijswijk;OB00328158;;;;52,036804;4,330354
rijswijk-k45;Rijswijk;K45;Volmerlaan - Treubstraat;Rijswijk;OB00328159;;;;52,039252;4,326668
rijswijk-k46;Rijswijk;K46;Pr. Beatrixlaan - Weidedreef;Rijswijk;OB00328160;;;;52,027649;4,322487
rijswijk-k47;Rijswijk;K47;Burg. Elsenlaan - v Vredenburchweg;Rijswijk;OB00328161;;;;52,052255;4,327687
rijswijk-k48;Rijswijk;K48;Pr. Beatrixlaan - Carpoolterrein (Hazepad);Rijswijk;OB20037071;;;;52,022836;4,327571
rijswijk-k49;Rijswijk;K49;Vrijenbanselaan - Viaduct A13 Ypenburg;Rijswijk;OB00328162;;;;52,028565;4,3544
rijswijk-k50;Rijswijk;K50;Vrijenbanselaan - Vinkweg;Rijswijk;OB00328163;;;;52,027701;4,356001
rijswijk-k51;Rijswijk;K51;Vrijenbanselaan A13 - Kfar Savaweg;Rijswijk;OB00328164;;;;52,026786;4,35778
rijswijk-k52;Rijswijk;K52;TWI Delftweg;Rijswijk;OB22051637;;;;;
rijswijk-k55;Rijswijk;K55;Van de Kooiweg – Van Rijnweg;Rijswijk;OB26012181;;;;52,023941;4,319599
rotterdam-k97160;Rotterdam;K97160;A15 - Clydeweg;Botlek Rotterdam;OB00481422;;;;51,867761;4,27811
rotterdam-k97290;Rotterdam;K97290;A15 - Trentweg - Botlekweg;Botlek Rotterdam;OB00291562;;;;51,891582;4,261946
rotterdam-k97040;Rotterdam;K97040;A15-Droespolderweg;Botlek Rotterdam;OB19184120;;;;51,900939;4,23562
rotterdam-k97100;Rotterdam;K97100;Botlekweg - Clydeweg;Botlek Rotterdam;OB00291563;;;;51,88;4,2625
rotterdam-k97060;Rotterdam;K97060;Botlekweg - Droespolderweg;Botlek Rotterdam;OB00291564;;;;51,89833;4,26516
rotterdam-k97030;Rotterdam;K97030;Botlekweg - Theemsweg;Botlek Rotterdam;OB00291566;;;;51,883608;4,260279
rotterdam-k97020;Rotterdam;K97020;Botlekweg - Welplaatweg;Botlek Rotterdam;OB00291456;;;;51,869251;4,277823
rotterdam-k97090;Rotterdam;K97090;Clydeweg - Oliphantweg;Botlek Rotterdam;OB00481423;;;;51,870949;4,263609
rotterdam-k97066;Rotterdam;K97066;Droespolderweg;Botlek Rotterdam;OB19005536;;;;51,901262;4,234761
rotterdam-k97010;Rotterdam;K97010;Droespolderweg-Tienmorgenseweg;Botlek Rotterdam;OB19184119;;;;51,897717;4,253725
rotterdam-k97050;Rotterdam;K97050;Droespolderweg-Volgerweg;Botlek Rotterdam;OB19184121;;;;51,90195;4,233754
rotterdam-k97120;Rotterdam;K97120;Hartelkruis noord;Botlek Rotterdam;OB00291400;;;;51,869568;4,307155
rotterdam-k97210;Rotterdam;K97210;A15 - Merwedeweg;Europoort Rotterdam;OB00291361;;;;51,92112;4,17738
rotterdam-k97330;Rotterdam;K97330;Markweg-oversteek EECV;Europoort Rotterdam;OB19005544;;;;51,95635;4,10272
rotterdam-k97170;Rotterdam;K97170;Moezelweg-Merwedeweg;Europoort Rotterdam;OB22052179;;;;51,921529;4,179079
rotterdam-k99010;Rotterdam;K99010;Dirk van den Burgweg - Leen van Ooijenlaan;Hoek van Holland;OB00481412;;;;51,99092;4,13721
rotterdam-k99060;Rotterdam;K99060;Dirk van den Burgweg-Schelpweg;Hoek van Holland;OB21024288;;;;51,987134;4,131289
rotterdam-k99030;Rotterdam;K99030;Haakweg - Slachthuisweg;Hoek van Holland;OB19184124;;;;51,967671;4,148249
rotterdam-k99020;Rotterdam;K99020;Hoeksebaan - Stationsweg;Hoek van Holland;OB19184123;;;;51,975862;4,12836
rotterdam-k99050;Rotterdam;K99050;Strandboulevard - Hoekse Lijn;Hoek van Holland;OB19184126;;;;51,983849;4,113227
rotterdam-k99040;Rotterdam;K99040;Strandweg - Hoekse Lijn;Hoek van Holland;OB19184125;;;;51,982236;4,118375
rotterdam-k92040;Rotterdam;K92040;A15 - Aveling;Hoogvliet Rotterdam;OB00481413;;;;51,875236;4,357722
rotterdam-k93010;Rotterdam;K93010;Aveling - Groene Kruisweg;Hoogvliet Rotterdam;OB00291582;;;;51,862571;4,352857
rotterdam-k93130;Rotterdam;K93130;Aveling - Oudelandseweg;Hoogvliet Rotterdam;OB00481505;;;;51,873807;4,35752
rotterdam-k93110;Rotterdam;K93110;Aveling - Tymweg;Hoogvliet Rotterdam;OB00291578;;;;51,864237;4,352487
rotterdam-k92110;Rotterdam;K92110;Gaderingviaduct - afrit A15;Hoogvliet Rotterdam;OB00291549;;;;51,875953;4,374917
rotterdam-k92100;Rotterdam;K92100;Gaderingviaduct - toerit A15;Hoogvliet Rotterdam;OB00291551;;;;51,874596;4,375024
rotterdam-k92120;Rotterdam;K92120;Gaderingviaduct - Vondelingenweg;Hoogvliet Rotterdam;OB00291423;;;;51,876961;4,37461
rotterdam-k93050;Rotterdam;K93050;Laning - Othelloweg;Hoogvliet Rotterdam;OB00291369;;;;51,86659;4,36006
rotterdam-k91010;Rotterdam;K91010;Oprit A 4 - Vondelingenweg;Hoogvliet Rotterdam;OB19005539;;;;51,877643;4,394639
rotterdam-k95010;Rotterdam;K95010;Vondelingenweg - Seattleweg;Hoogvliet Rotterdam;OB00291344;;;;51,87679;4,40024
rotterdam-k92130;Rotterdam;K92130;Vondelingenweg - Vondelingenviaduct;Hoogvliet Rotterdam;OB00291512;;;;51,87712;4,368449
rotterdam-k92140;Rotterdam;K92140;Vondelingenweg-Petroleumweg;Hoogvliet Rotterdam;OB00291359;;;;51,876937;4,357039
rotterdam-k97390;Rotterdam;K97390;Amoerweg;Maasvlakte Rotterdam;OB21019206;;;;51,937864;3,979568
rotterdam-k97270;Rotterdam;K97270;Beringstraat interne baan - Dardanellenstraat;Maasvlakte Rotterdam;OB00291468;;;;51,940012;4,015996
rotterdam-k97200;Rotterdam;K97200;Bosporusstraat - Interne baan;Maasvlakte Rotterdam;OB00291458;;;;51,946231;4,016673
rotterdam-k97380;Rotterdam;K97380;CER - Mekongweg;Maasvlakte Rotterdam;OB19184129;;;;51,957624;3,966282
rotterdam-k97350;Rotterdam;K97350;CER - Oversteek Brandweerpad;Maasvlakte Rotterdam;OB19184122;;;;51,950191;4,013706
rotterdam-k97360;Rotterdam;K97360;CER - Spoorkruising Dardanellenstraat;Maasvlakte Rotterdam;OB19184127;;;;51,95323;4,019578
rotterdam-k97190;Rotterdam;K97190;Coloradoweg - Europaweg;Maasvlakte Rotterdam;OB00291438;;;;51,952952;4,021184
rotterdam-k97180;Rotterdam;K97180;Europaweg - inrit APMT;Maasvlakte Rotterdam;OB19005541;;;;51,95712;4,0187
rotterdam-k97220;Rotterdam;K97220;Internebaan - Kruising 43/62 - Missouriweg;Maasvlakte Rotterdam;OB00481426;;;;51,949858;4,031002
rotterdam-k97280;Rotterdam;K97280;Karimatastraat-Interne Baan;Maasvlakte Rotterdam;OB22000114;;;;51,939724;4,013532
rotterdam-k97370;Rotterdam;K97370;Maasvlakteweg - Mekongweg;Maasvlakte Rotterdam;OB19184128;;;;51,95753;3,9655
rotterdam-k97400;Rotterdam;K97400;Maasvlakteweg - Prinses Alexiaviaduct;Maasvlakte Rotterdam;OB25004955;;;;51,95109;3,97005
rotterdam-k97310;Rotterdam;K97310;Maasvlakteweg-Dardanellenstraat (Knooppunt B);Maasvlakte Rotterdam;OB19005543;;;;51,93223;4,01905
rotterdam-k97340;Rotterdam;K97340;Maasvlakteweg-Prinses Amaliaviaduct;Maasvlakte Rotterdam;OB19005545;;;;51,935588;3,985708
rotterdam-k97260;Rotterdam;K97260;Yukonweg - Interne Baan;Maasvlakte Rotterdam;OB19005542;;;;51,949993;4,025081
rotterdam-k89010;Rotterdam;K89010;Groenedijk - Vondelingenweg;Pernis Rotterdam;OB19005534;;;;51,874411;4,412778
rotterdam-k91020;Rotterdam;K91020;Oud Pernisseweg - Vondelingenweg;Pernis Rotterdam;OB19005540;;;;51,877645;4,39244
rotterdam-k14020;Rotterdam;K14020;'s Gravendijkwal - Mathenesserlaan;Rotterdam;OB00291517;;;;51,915;4,46326
rotterdam-k88060;Rotterdam;K88060;A 15 - Reeweg;Rotterdam;OB00481501;;;;51,87016;4,428534
rotterdam-k63020;Rotterdam;K63020;A. van Rijckevorselweg - afrit Kralingse Zoom;Rotterdam;OB00291596;;;;51,913447;4,531112
rotterdam-k64020;Rotterdam;K64020;A. van Rijckevorselweg - Burg. Oudlaan;Rotterdam;OB00291504;;;;51,91553;4,521724
rotterdam-k38040;Rotterdam;K38040;Abraham Kuyperlaan - Schieweg;Rotterdam;OB00291461;;;;51,934769;4,464663
rotterdam-k41010;Rotterdam;K41010;Abraham van Stolkweg - Stadhoudersweg;Rotterdam;OB00291457;;;;51,92981;4,44186
rotterdam-k63040;Rotterdam;K63040;Abram v. Rijckevorselweg - Kralingse Zoom;Rotterdam;OB00291595;;;;51,91467;4,52808
rotterdam-k31010;Rotterdam;K31010;Admiraal de Ruyterweg - Jonker Fransstraat;Rotterdam;OB00291475;;;;51,92739;4,48683
rotterdam-k78010;Rotterdam;K78010;Adriaan Volkerlaan - Dwarsdijk;Rotterdam;OB00291393;;;;51,89183;4,54495
rotterdam-k77030;Rotterdam;K77030;Adriaan Volkerlaan - IJsselmondseplein;Rotterdam;OB00291536;;;;51,89566;4,54573
rotterdam-k23010;Rotterdam;K23010;Aelbrechtskade - Nieuwe Binnenweg;Rotterdam;OB00291484;;;;51,90963;4,45001
rotterdam-k22010;Rotterdam;K22010;Aelbrechtsplein;Rotterdam;OB00291486;;;;51,9201;4,44197
rotterdam-k11090;Rotterdam;K11090;Aert van Nesstraat - Coolsingel;Rotterdam;OB00291589;;;;51,921445;4,479595
rotterdam-k77090;Rotterdam;K77090;Afrit A 16 - Groeninx v. Zoelenlaan;Rotterdam;OB00481384;;;;51,885047;4,562998
rotterdam-k67040;Rotterdam;K67040;Afrit A 16 - Hoofdweg;Rotterdam;OB00481476;;;;51,94622;4,53415
rotterdam-k84080;Rotterdam;K84080;Ahoyweg - Zuiderparkweg;Rotterdam;OB00291377;;;;51,88308;4,48249
rotterdam-k11190;Rotterdam;K11190;Andre van der Louwbrug - Willemsbrug;Rotterdam;OB00291346;;;;51,917072;4,491243
rotterdam-k88050;Rotterdam;K88050;Antonie Bodaanweg - Reeweg;Rotterdam;OB00291371;;;;51,876013;4,43197
rotterdam-k72030;Rotterdam;K72030;Beijerlandselaan - 2e Rosestraat - Colosseumweg;Rotterdam;OB00481372;;;;51,899422;4,510628
rotterdam-k73050;Rotterdam;K73050;Beijerlandselaan - Randweg;Rotterdam;OB00291541;;;;51,893398;4,509421
rotterdam-k28040;Rotterdam;K28040;Benjamin Franklinstraat - Schiedamseweg;Rotterdam;OB00291476;;;;51,91317;4,42814
rotterdam-k35020;Rotterdam;K35020;Benthuizerstraat - Zaagmolenstraat (VOP);Rotterdam;OB00291466;;;;51,935281;4,47924
rotterdam-k33010;Rotterdam;K33010;Bentinckplein;Rotterdam;OB00291470;;;;51,926428;4,460863
rotterdam-k79030;Rotterdam;K79030;Bergambachtstraat - IJsselmondse Randweg;Rotterdam;OB00291390;;;;51,87406;4,54146
rotterdam-k37020;Rotterdam;K37020;Bergselaan - Rodenrijselaan;Rotterdam;OB00291568;;;;51,93603;4,47172
rotterdam-k38010;Rotterdam;K38010;Bergselaan - Schieweg;Rotterdam;OB00291464;;;;51,933923;4,465562
rotterdam-k36010;Rotterdam;K36010;Bergweg - Gordelweg;Rotterdam;OB00291465;;;;51,94063;4,47873
rotterdam-k32020;Rotterdam;K32020;Bergweg - Noordsingel;Rotterdam;OB00291573;;;;51,93306;4,47237
rotterdam-k32010;Rotterdam;K32010;Bergweg - Schiekade;Rotterdam;OB00291574;;;;51,930687;4,46973
rotterdam-k35010;Rotterdam;K35010;Bergweg - Zwartjanstraat;Rotterdam;OB00291570;;;;51,93431;4,47433
rotterdam-k13010;Rotterdam;K13010;Beukelsdijk - Statentunnel;Rotterdam;OB00291584;;;;51,92239;4,46295
rotterdam-k76040;Rotterdam;K76040;Bierens de Haanweg - Spinozaweg;Rotterdam;OB00291402;;;;51,8767;4,51682
rotterdam-k11210;Rotterdam;K11210;Binnenrotte - Blaak;Rotterdam;OB00291502;;;;51,92017;4,49008
rotterdam-k11040;Rotterdam;K11040;Blaak - André van der Louwbrug;Rotterdam;OB00291593;;;;51,91948;4,48854
rotterdam-k11220;Rotterdam;K11220;Blaak - Ds Jan Scharpstraat;Rotterdam;OB00291501;;;;51,91881;4,4867
rotterdam-k11000;Rotterdam;K11000;Blaak - Keizerstraat;Rotterdam;OB24051545;;;;51,91838;4,48488
rotterdam-k81020;Rotterdam;K81020;Blankenburgstraat - Pleinweg;Rotterdam;OB00291388;;;;51,89105;4,482251
rotterdam-k34010;Rotterdam;K34010;Boezemlaan - Paradijsbrug;Rotterdam;OB00291571;;;;51,93671;4,49867
rotterdam-k34040;Rotterdam;K34040;Boezemlaan - Veilingbrug;Rotterdam;OB00291467;;;;51,94134;4,48881
rotterdam-k34050;Rotterdam;K34050;Boezemlaan - Verlegde Bosdreef;Rotterdam;OB24010395;;;;51,9412;4,4932
rotterdam-k31020;Rotterdam;K31020;Boezemweg - Gerdesiaweg;Rotterdam;OB00291575;;;;51,92596;4,49592
rotterdam-k31050;Rotterdam;K31050;Boezemweg - Goudse Rijweg;Rotterdam;OB00291473;;;;51,92853;4,49621
rotterdam-k11160;Rotterdam;K11160;Boompjes - Erasmusbrug;Rotterdam;OB00291507;;;;51,91223;4,483082
rotterdam-k11130;Rotterdam;K11130;Boompjes - Rederijstraat;Rotterdam;OB00291587;;;;51,914656;4,487837
rotterdam-k11050;Rotterdam;K11050;Boompjes - Willemsbrug;Rotterdam;OB00291592;;;;51,916327;4,489744
rotterdam-k62130;Rotterdam;K62130;Bosdreef - ir. P. Kosterlaan;Rotterdam;OB00291437;;;;51,93794;4,50164
rotterdam-k34080;Rotterdam;K34080;Bosdreef - Verlegde Bosdreef;Rotterdam;OB24010398;;;;51,943611;4,50716
rotterdam-k62030;Rotterdam;K62030;Boszoom - Hoofdweg;Rotterdam;OB00291558;;;;51,94533;4,52769
rotterdam-k62020;Rotterdam;K62020;Boszoom - Kralingseweg;Rotterdam;OB00291559;;;;51,92749;4,53399
rotterdam-k62040;Rotterdam;K62040;Boszoom - Prinsenlaan;Rotterdam;OB00291441;;;;51,93652;4,53129
rotterdam-k74010;Rotterdam;K74010;Breeplein;Rotterdam;OB00291409;;;;51,890649;4,514257
rotterdam-k71120;Rotterdam;K71120;Brugweg - Prins Hendrikkade;Rotterdam;OB00291452;;;;51,914676;4,499485
rotterdam-k55010;Rotterdam;K55010;Burg. Le Fèvre de Montignylaan - Molenlaan;Rotterdam;OB00291451;;;;51,95582;4,51159
rotterdam-k66020;Rotterdam;K66020;Burgaslaan - Prins Alexanderlaan;Rotterdam;OB00291431;;;;51,9406;4,55635
rotterdam-k11200;Rotterdam;K11200;Burgemeester van Walsumweg - Mariniersweg;Rotterdam;OB00291503;;;;51,92078;4,49128
rotterdam-k77040;Rotterdam;K77040;Cannenburchstraat - Groeninx van Zoelenlaan;Rotterdam;OB00291398;;;;51,88584;4,56897
rotterdam-k68020;Rotterdam;K68020;Capelseweg - President Rooseveltweg;Rotterdam;OB00291426;;;;51,96007;4,5604
rotterdam-k76050;Rotterdam;K76050;Catullusweg - Spinozaweg;Rotterdam;OB00291401;;;;51,87736;4,52412
rotterdam-k82070;Rotterdam;K82070;Charloisse Hoofd - Doklaan (VOP);Rotterdam;OB00291381;;;;51,895729;4,469025
rotterdam-k11120;Rotterdam;K11120;Churchillplein;Rotterdam;OB00291508;;;;51,91772;4,481838
rotterdam-k21030;Rotterdam;K21030;Claes de Vrieselaan - Mathenesserlaan;Rotterdam;OB00291583;;;;51,91417;4,45972
rotterdam-k77010;Rotterdam;K77010;Coen Moulijnweg - Stadionweg;Rotterdam;OB00291521;;;;51,894712;4,529645
rotterdam-k77130;Rotterdam;K77130;Coen Moulijnweg - Van Zandvlietplein;Rotterdam;OB00291364;;;;51,89312;4,52582
rotterdam-k75060;Rotterdam;K75060;Colosseumweg - Buitendijktunnel;Rotterdam;OB20095124;;;;51,886904;4,522477
rotterdam-k11140;Rotterdam;K11140;Coolsingel-Bulgersteijn-Beurs;Rotterdam;OB19184114;;;;51,919815;4,480371
rotterdam-k11110;Rotterdam;K11110;Coolsingel-Doelwater;Rotterdam;OB20036841;;;;51,923248;4,478753
rotterdam-k56030;Rotterdam;K56030;Dirk van der Kooijweg - Terbregseweg;Rotterdam;OB00291445;;;;51,95442;4,5208
rotterdam-k67050;Rotterdam;K67050;Djeddalaan - Hoofdweg;Rotterdam;OB00291429;;;;51,9504;4,56038
rotterdam-k46010;Rotterdam;K46010;Doenkade-A13;Rotterdam;OB19184115;;;;51,9506;4,418133
rotterdam-k46020;Rotterdam;K46020;Doenkade-Vliegveldweg;Rotterdam;OB19184116;;;;51,952406;4,42132
rotterdam-k82040;Rotterdam;K82040;Doklaan - Sluisjesdijk;Rotterdam;OB00291529;;;;51,8943;4,46279
rotterdam-k82060;Rotterdam;K82060;Doklaan - Wolphaertsbocht;Rotterdam;OB00291382;;;;51,89523;4,46657
rotterdam-k73030;Rotterdam;K73030;Dordtselaan - Strevelsweg;Rotterdam;OB00291411;;;;51,88921;4,49438
rotterdam-k75070;Rotterdam;K75070;Dordtsestraatweg - Enk;Rotterdam;OB00291405;;;;51,880572;4,506831
rotterdam-k75010;Rotterdam;K75010;Dordtsestraatweg - Vinkenbaan;Rotterdam;OB00291540;;;;51,882409;4,504558
rotterdam-k82030;Rotterdam;K82030;Dorpsweg - Gruttostraat;Rotterdam;OB00291384;;;;51,888526;4,471811
rotterdam-k84090;Rotterdam;K84090;Dorpsweg - Kromme Zandweg;Rotterdam;OB19005533;;;;51,88331;4,4713
rotterdam-k81060;Rotterdam;K81060;Dorpsweg - Maastunnelplein;Rotterdam;OB00291533;;;;51,892413;4,474426
rotterdam-k82020;Rotterdam;K82020;Dorpsweg - Wielewaalstraat;Rotterdam;OB00291530;;;;51,886002;4,471347
rotterdam-k82010;Rotterdam;K82010;Dorpsweg - Wolphaertsbocht;Rotterdam;OB00291531;;;;51,890885;4,473278
rotterdam-k88030;Rotterdam;K88030;Driemanssteeweg - Groene Kruisweg;Rotterdam;OB00291372;;;;51,86924;4,45311
rotterdam-k15040;Rotterdam;K15040;Droogleever Fortuynplein;Rotterdam;OB00291434;;;;51,907756;4,464692
rotterdam-k21070;Rotterdam;K21070;Duivenvoordestraat - 1e Middellandstraat;Rotterdam;OB00291487;;;;51,91882;4,460783
rotterdam-k12030;Rotterdam;K12030;Eendrachtsplein - Westblaak;Rotterdam;OB00291498;;;;51,91659;4,47401
rotterdam-k72060;Rotterdam;K72060;Erasmusbrug - Wilhelminakade;Rotterdam;OB00291433;;;;51,907338;4,490366
rotterdam-k15050;Rotterdam;K15050;G.J. de Jonghweg - Willem Buytewechstraat;Rotterdam;OB00481304;;;;51,90832;4,46354
rotterdam-k45020;Rotterdam;K45020;G.K. van Hogendorpweg - Fairoaksbaan;Rotterdam;OB00291419;;;;51,9562;4,4617
rotterdam-k44030;Rotterdam;K44030;Giessenplein Noord;Rotterdam;OB00291548;;;;51,92444;4,41872
rotterdam-k44040;Rotterdam;K44040;Giessenplein Zuid;Rotterdam;OB00291422;;;;51,92302;4,41943
rotterdam-k38030;Rotterdam;K38030;Gordelweg - Schieweg;Rotterdam;OB00291462;;;;51,93701;4,46251
rotterdam-k36020;Rotterdam;K36020;Gordelweg - Soetendaalsebrug;Rotterdam;OB00291569;;;;51,94064;4,48568
rotterdam-k11020;Rotterdam;K11020;Goudsesingel - Jonker Fransstraat;Rotterdam;OB00291594;;;;51,92467;4,48665
rotterdam-k11170;Rotterdam;K11170;Goudsesingel - Mariniersweg;Rotterdam;OB00291506;;;;51,92423;4,48918
rotterdam-k11150;Rotterdam;K11150;Goudsesingel - Pompenburg;Rotterdam;OB00291586;;;;51,92574;4,48248
rotterdam-k73020;Rotterdam;K73020;Groene Hilledijk - Sandelingplein;Rotterdam;OB00291412;;;;51,889943;4,508128
rotterdam-k84060;Rotterdam;K84060;Groene Kruisweg - Jan Olieslagersweg;Rotterdam;OB00291524;;;;51,87261;4,4571
rotterdam-k84050;Rotterdam;K84050;Groene Kruisweg - Korperweg;Rotterdam;OB00291525;;;;51,875302;4,460519
rotterdam-k84020;Rotterdam;K84020;Groene Kruisweg - Oldegaarde;Rotterdam;OB00291527;;;;51,87869;4,46662
rotterdam-k84010;Rotterdam;K84010;Groene Kruisweg - Slinge;Rotterdam;OB00291528;;;;51,87643;4,462329
rotterdam-k88070;Rotterdam;K88070;Groene Kruisweg - Vondelingenweg;Rotterdam;OB00291523;;;;51,86863;4,44867
rotterdam-k84110;Rotterdam;K84110;Groene Kruisweg – Zuiderparkpromenade GOP;Rotterdam;OB24051544;;;;51,881594;4,469941
rotterdam-k77100;Rotterdam;K77100;Groeninx van Zoelenlaan (busbaan) - fietspad;Rotterdam;OB00291417;;;;51,885492;4,565028
rotterdam-k67100;Rotterdam;K67100;Grote Beer - Prins Alexanderlaan;Rotterdam;OB00291550;;;;51,94478;4,55463
rotterdam-k67070;Rotterdam;K67070;Grote Beer-Hoofdweg;Rotterdam;OB00291428;;;;51,94982;4,55582
rotterdam-k79010;Rotterdam;K79010;Grote Kreek - Kreekhuizenlaan;Rotterdam;OB00291392;;;;51,88343;4,53838
rotterdam-k11010;Rotterdam;K11010;Haagseveer - Pompenburg;Rotterdam;OB00291511;;;;51,92503;4,47977
rotterdam-k12050;Rotterdam;K12050;Hartmansstraat - Westblaak;Rotterdam;OB00291497;;;;51,91687;4,47741
rotterdam-k15030;Rotterdam;K15030;Heemraadssingel - Rochussenstraat;Rotterdam;OB00291491;;;;51,9097;4,45745
rotterdam-k14060;Rotterdam;K14060;Henegouwerlaan - HOV-doorsteek;Rotterdam;OB24007644;;;;51,921109;4,463035
rotterdam-k72050;Rotterdam;K72050;Hillelaan - Brede Hilledijk;Rotterdam;OB00291415;;;;51,902401;4,496165
rotterdam-k11060;Rotterdam;K11060;Hofplein;Rotterdam;OB00291509;;;;51,924926;4,478174
rotterdam-k62050;Rotterdam;K62050;Honingerdijk - Maasboulevard;Rotterdam;OB00291440;;;;51,915904;4,518428
rotterdam-k67030;Rotterdam;K67030;Hoofdweg - Koningslaan;Rotterdam;OB00291552;;;;51,9479;4,54393
rotterdam-k67020;Rotterdam;K67020;Hoofdweg - Prins Alexanderlaan;Rotterdam;OB00291553;;;;51,94947;4,55237
rotterdam-k67110;Rotterdam;K67110;Hoofdweg - Titaniumstraat;Rotterdam;OB00291427;;;;51,946817;4,538683
rotterdam-k11030;Rotterdam;K11030;Hoogstraat - Mariniersweg;Rotterdam;OB00291510;;;;51,92169;4,49007
rotterdam-k28010;Rotterdam;K28010;Horvathweg - Spaanseweg;Rotterdam;OB00291395;;;;51,92058;4,42918
rotterdam-k25060;Rotterdam;K25060;Hudsonplein - Westzeedijk;Rotterdam;OB00291580;;;;51,90424;4,44619
rotterdam-k79050;Rotterdam;K79050;IJsselmondse Randweg - Ammerstolstraat;Rotterdam;OB00291391;;;;51,8783;4,5397
rotterdam-k65060;Rotterdam;K65060;Jacques Dutilhweg (VOP);Rotterdam;OB00291385;;;;51,906682;4,488648
rotterdam-k65050;Rotterdam;K65050;Jacques Dutilhweg - A 16 oost;Rotterdam;OB00291554;;;;51,92535;4,53882
rotterdam-k62110;Rotterdam;K62110;Jacques Dutilhweg - A 16 west;Rotterdam;OB00291557;;;;51,92527;4,53569
rotterdam-k62120;Rotterdam;K62120;Jacques Dutilhweg - Kralingse Zoom;Rotterdam;OB00291556;;;;51,92561;4,53328
rotterdam-k12090;Rotterdam;K12090;K.Doormanstraat - Oude Binnenweg;Rotterdam;OB00291494;;;;51,91782;4,4767
rotterdam-k47010;Rotterdam;K47010;Kandelaarweg doseerinstallatie;Rotterdam;OB00291455;;;;51,9645;4,391689
rotterdam-k51010;Rotterdam;K51010;Kleiweg - Rozenlaan;Rotterdam;OB00291453;;;;51,94542;4,47412
rotterdam-k84070;Rotterdam;K84070;Korperweg - Waalhaven OZ.;Rotterdam;OB00291378;;;;51,878263;4,45285
rotterdam-k62080;Rotterdam;K62080;Kralingse Zoom - P+R Kralingse Zoom;Rotterdam;OB19184118;;;;51,920226;4,530776
rotterdam-k62010;Rotterdam;K62010;Kralingseplein;Rotterdam;OB00291375;;;;51,914249;4,534102
rotterdam-k65040;Rotterdam;K65040;Kralingseweg - Prins Alexanderln - J.Dutilhw;Rotterdam;OB00291374;;;;51,93168;4,56334
rotterdam-k79020;Rotterdam;K79020;Kreekhuizenplein;Rotterdam;OB00291370;;;;51,88227;4,53625
rotterdam-k77140;Rotterdam;K77140;Kreeksehaven - Stadionweg;Rotterdam;OB00291394;;;;51,896036;4,540167
rotterdam-k72070;Rotterdam;K72070;Laan op Zuid - 2e Rosestraat;Rotterdam;OB00291545;;;;51,900818;4,511623
rotterdam-k72080;Rotterdam;K72080;Laan op Zuid - Brede Hilledijk;Rotterdam;OB00291546;;;;51,904109;4,503314
rotterdam-k72110;Rotterdam;K72110;Laan op Zuid - Lodewijk Pincoffsweg;Rotterdam;OB00291414;;;;51,906378;4,498112
rotterdam-k72100;Rotterdam;K72100;Laan op Zuid - Paul Krügerstraat;Rotterdam;OB00291543;;;;51,903788;4,504064
rotterdam-k72090;Rotterdam;K72090;Laan op Zuid - Stieltjesstraat;Rotterdam;OB00291544;;;;51,908407;4,493311
rotterdam-k72140;Rotterdam;K72140;Laan op Zuid - Veemstraat;Rotterdam;OB21024286;;;;51,907143;4,495217
rotterdam-k11080;Rotterdam;K11080;Maasboulevard - Oostmolenwerf;Rotterdam;OB00291590;;;;51,919993;4,498966
rotterdam-k11070;Rotterdam;K11070;Maasboulevard - Oude Hoofdplein;Rotterdam;OB00291591;;;;51,918726;4,493523
rotterdam-k63010;Rotterdam;K63010;Maasboulevard - Willem Ruyslaan;Rotterdam;OB00291436;;;;51,91953;4,504856
rotterdam-k72010;Rotterdam;K72010;Maashaven Oz - Brielselaan;Rotterdam;OB00291418;;;;51,897768;4,495779
rotterdam-k72020;Rotterdam;K72020;Maashaven Oz - Pretorialaan;Rotterdam;OB00291367;;;;51,901335;4,496171
rotterdam-k81090;Rotterdam;K81090;Maastunnelplein - Doklaan;Rotterdam;OB00291532;;;;51,893105;4,47611
rotterdam-k25050;Rotterdam;K25050;Marconiplein - Mathenesserweg;Rotterdam;OB00291480;;;;51,91312;4,4324
rotterdam-k25040;Rotterdam;K25040;Marconiplein - Tjalklaan;Rotterdam;OB00291581;;;;51,91281;4,43168
rotterdam-k22030;Rotterdam;K22030;Mathenesserbrug - Mathenesserplein;Rotterdam;OB00291363;;;;51,917051;4,445142
rotterdam-k15020;Rotterdam;K15020;Mathenesserlaan - Rochussenstraat;Rotterdam;OB00291492;;;;51,91423;4,46974
rotterdam-k44010;Rotterdam;K44010;Matlingeweg - Galateestraat;Rotterdam;OB19005529;;;;51,92612;4,4172
rotterdam-k44070;Rotterdam;K44070;Matlingeweg - Industrieweg;Rotterdam;OB22052174;;;;51,934611;4,411583
rotterdam-k47030;Rotterdam;K47030;Matlingeweg - Vareseweg;Rotterdam;OB22052175;;;;51,94563;4,408075
rotterdam-k44020;Rotterdam;K44020;Matlingeweg - Vlaardingweg;Rotterdam;OB00291567;;;;51,93061;4,41287
rotterdam-k51020;Rotterdam;K51020;Melanchtonweg - Ringdijk;Rotterdam;OB00291520;;;;51,94911;4,47519
rotterdam-k52010;Rotterdam;K52010;Melanchtonweg - Wilgenplaslaan;Rotterdam;OB00291362;;;;51,949636;4,470897
rotterdam-k52030;Rotterdam;K52030;Melanchtonweg GOP;Rotterdam;OB00291560;;;;51,94843;4,46486
rotterdam-k81030;Rotterdam;K81030;Mijnsherenlaan - Pleinweg;Rotterdam;OB00291387;;;;51,88973;4,487502
rotterdam-k76010;Rotterdam;K76010;Molenvliet - Spinozaweg;Rotterdam;OB00291404;;;;51,8769;4,52175
rotterdam-k75030;Rotterdam;K75030;Motorstraat - Strevelsweg;Rotterdam;OB00291407;;;;51,887112;4,492678
rotterdam-k14050;Rotterdam;K14050;Nieuwe Binnenweg-Mathenesserlaan;Rotterdam;OB19005527;;;;51,914993;4,465873
rotterdam-k34020;Rotterdam;K34020;Nieuwe Boezemstraat - Rusthoflaan (VOP);Rotterdam;OB00291469;;;;51,934246;4,498059
rotterdam-k77150;Rotterdam;K77150;Noorderhelling - Stadionweg;Rotterdam;OB19005532;;;;51,895353;4,534744
rotterdam-k75040;Rotterdam;K75040;Oldegaarde - Vaanweg;Rotterdam;OB00291538;;;;51,88051;4,501052
rotterdam-k84030;Rotterdam;K84030;Oldegaarde - Zuiderparkweg;Rotterdam;OB00291526;;;;51,87712;4,47912
rotterdam-k77020;Rotterdam;K77020;Olympiaweg - Stadionweg;Rotterdam;OB00481381;;;;51,896846;4,518399
rotterdam-k24060;Rotterdam;K24060;Oostkousdijk - Westzeedijk;Rotterdam;OB00291481;;;;51,90387;4,45376
rotterdam-k61030;Rotterdam;K61030;Oostplein;Rotterdam;OB00291443;;;;51,92317;4,49695
rotterdam-k61010;Rotterdam;K61010;Oostzeedijk - Willem Ruyslaan;Rotterdam;OB00291444;;;;51,92138;4,50624
rotterdam-k89020;Rotterdam;K89020;Ophemertstraat - Waalhavenweg;Rotterdam;OB00291368;;;;51,88358;4,42821
rotterdam-k62100;Rotterdam;K62100;Oprit A 16 - Hoofdweg;Rotterdam;OB00481356;;;;51,94497;4,5297
rotterdam-k16020;Rotterdam;K16020;Parkhaven - Westzeedijk;Rotterdam;OB00291489;;;;51,90699;4,4645
rotterdam-k10030;Rotterdam;K10030;Parksluizen Sturingseenheid;Rotterdam;OB19005525;;;;51,907743;4,464709
rotterdam-k24050;Rotterdam;K24050;Pieter de Hoochweg - Westzeedijk;Rotterdam;OB00291482;;;;51,9055;4,46
rotterdam-k81040;Rotterdam;K81040;Pleinweg - Polslandstraat;Rotterdam;OB00481495;;;;51,890441;4,485072
rotterdam-k81010;Rotterdam;K81010;Pleinweg - Wolphaertsbocht;Rotterdam;OB00291534;;;;51,891784;4,478764
rotterdam-k72130;Rotterdam;K72130;Posthumalaan - GOP;Rotterdam;OB19005538;;;;51,90491;4,49683
rotterdam-k72120;Rotterdam;K72120;Posthumalaan - Veemstraat;Rotterdam;OB19005531;;;;51,90605;4,49428
rotterdam-k51040;Rotterdam;K51040;Pr. Margrietlaan - Straatweg (VOP);Rotterdam;OB00291358;;;;51,947274;4,484958
rotterdam-k68010;Rotterdam;K68010;Pres. Rooseveltweg - Prins Alexanderlaan;Rotterdam;OB00291357;;;;51,95887;4,54859
rotterdam-k56020;Rotterdam;K56020;Pres. Rooseveltweg - Terbregseweg;Rotterdam;OB00291518;;;;51,95209;4,52534
rotterdam-k66030;Rotterdam;K66030;Prins Alexanderlaan - Prins Constantijnweg;Rotterdam;OB00291430;;;;51,93515;4,56042
rotterdam-k71030;Rotterdam;K71030;Prins Hendrikkade - van der Takstraat;Rotterdam;OB00481363;;;;51,913487;4,496707
rotterdam-k88020;Rotterdam;K88020;Reeweg - Waalhavenweg;Rotterdam;OB00291373;;;;51,878076;4,433774
rotterdam-k52020;Rotterdam;K52020;Ringdijk - Wilgenlei;Rotterdam;OB00481341;;;;51,95343;4,4771
rotterdam-k15080;Rotterdam;K15080;Rochussenstraat-Zimmermanweg;Rotterdam;OB19005528;;;;51,91261;4,4664
rotterdam-k14010;Rotterdam;K14010;s Gravendijkwal - 1e Middellandstraat;Rotterdam;OB00291352;;;;51,918769;4,463019
rotterdam-k14040;Rotterdam;K14040;s Gravendijkwal - Nieuwe Binnenweg;Rotterdam;OB00291516;;;;51,91379;4,46403
rotterdam-k15010;Rotterdam;K15010;s Gravendijkwal - Rochussenstraat;Rotterdam;OB00291515;;;;51,911476;4,463783
rotterdam-k62070;Rotterdam;K62070;s Gravenweg - Kralingse Zoom;Rotterdam;OB00291355;;;;51,92204;4,53184
rotterdam-k83010;Rotterdam;K83010;Sallandweg - Zuiderparkweg;Rotterdam;OB00291380;;;;51,884824;4,489614
rotterdam-k11180;Rotterdam;K11180;Scheepstimmermanslaan - Westzeedijk;Rotterdam;OB00291505;;;;51,911412;4,478002
rotterdam-k38020;Rotterdam;K38020;Schepenstraat - Schieweg;Rotterdam;OB00291463;;;;51,931639;4,466493
rotterdam-k11230;Rotterdam;K11230;Schiedamsedijk - Schilderstraat;Rotterdam;OB00291500;;;;51,916245;4,48208
rotterdam-k32040;Rotterdam;K32040;Schiekade - Heer Bokelweg;Rotterdam;OB00291472;;;;51,926847;4,475901
rotterdam-k32030;Rotterdam;K32030;Schiekade - Teilingerstraat;Rotterdam;OB00291572;;;;51,92831;4,47334
rotterdam-k32060;Rotterdam;K32060;Schiekade - Ungerplein;Rotterdam;OB00291471;;;;51,929382;4,471668
rotterdam-k39030;Rotterdam;K39030;Schieplein;Rotterdam;OB00291354;;;;51,93868;4,4602
rotterdam-k68180;Rotterdam;K68180;Schollevaartsedreef - Zevenkampsering;Rotterdam;OB00291353;;;;51,9666;4,57808
rotterdam-k85010;Rotterdam;K85010;Slinge - Zuiderparkweg;Rotterdam;OB00291376;;;;51,87405;4,47843
rotterdam-k79060;Rotterdam;K79060;Spinozaweg - Smeetslandseweg;Rotterdam;OB00291389;;;;51,88101;4,5335
rotterdam-k76030;Rotterdam;K76030;Spinozaweg - Victor Hugoweg;Rotterdam;OB00291537;;;;51,87655;4,51282
rotterdam-k39020;Rotterdam;K39020;Stadhoudersweg - Statenweg;Rotterdam;OB00291459;;;;51,930007;4,458494
rotterdam-k39010;Rotterdam;K39010;Stadhoudersweg - Van Aerssenlaan;Rotterdam;OB00291460;;;;51,92937;4,454932
rotterdam-k77050;Rotterdam;K77050;Stadionweg - Puck van Heelstraat;Rotterdam;OB22052177;;;;51,8958;4,52481
rotterdam-k71010;Rotterdam;K71010;Stieltjesplein;Rotterdam;OB00291421;;;;51,912092;4,499038
rotterdam-k34030;Rotterdam;K34030;Stoopweg - Tunnel;Rotterdam;OB00291350;;;;51,9435;4,49256
rotterdam-k51030;Rotterdam;K51030;Straatweg - Ceintuurbaan;Rotterdam;OB19184117;;;;51,94233;4,48114
rotterdam-k75050;Rotterdam;K75050;Strevelsweg - Vaanweg;Rotterdam;OB00291406;;;;51,885166;4,491504
rotterdam-k73040;Rotterdam;K73040;Strevelsweg - Veldstraat;Rotterdam;OB00291542;;;;51,88953;4,49537
rotterdam-k75020;Rotterdam;K75020;Strevelsweg - Zuidplein;Rotterdam;OB00291539;;;;51,888771;4,49247
rotterdam-k56010;Rotterdam;K56010;Terbregseweg - afrit A16;Rotterdam;OB22052176;;;;51,950758;4,525564
rotterdam-k28020;Rotterdam;K28020;Tjalklaan - Franselaan;Rotterdam;OB00291432;;;;51,91717;4,42581
rotterdam-k44060;Rotterdam;K44060;Tjalklaan - Schuttevaerstraat;Rotterdam;OB00291338;;;;51,92181;4,42175
rotterdam-k16010;Rotterdam;K16010;Tunnelwachter Maastunnel-Noord;Rotterdam;OB00291522;;;;51,90746;4,46589
rotterdam-k81050;Rotterdam;K81050;Tunnelwachter Maastunnel-Zuid;Rotterdam;OB00291366;;;;51,893721;4,472313
rotterdam-k76020;Rotterdam;K76020;Vaanweg - Victor Hugoweg;Rotterdam;OB00291403;;;;51,875675;4,510711
rotterdam-k77120;Rotterdam;K77120;Van Hoochstratenweg - W. van Gelderstraat;Rotterdam;OB00291347;;;;51,89968;4,54837
rotterdam-k45010;Rotterdam;K45010;van Limburg Stirumplein;Rotterdam;OB00291348;;;;51,948748;4,460423
rotterdam-k34060;Rotterdam;K34060;Verlegde Bosdreef - Boezembocht;Rotterdam;OB24010396;;;;51,9424;4,49705
rotterdam-k34070;Rotterdam;K34070;Verlegde Bosdreef - Boezembocht;Rotterdam;OB24010397;;;;51,9434;4,503
rotterdam-k29040;Rotterdam;K29040;Vierhavensstraat - GOP Europoint;Rotterdam;OB00291345;;;;51,91241;4,43255
rotterdam-k29030;Rotterdam;K29030;Vierhavensstraat - Keileweg;Rotterdam;OB00291513;;;;51,91033;4,43416
rotterdam-k29020;Rotterdam;K29020;Vierhavensstraat - Speedwellstraat;Rotterdam;OB00291514;;;;51,90609;4,44117
rotterdam-k82050;Rotterdam;K82050;Waalhaven OZ-Rietdijk;Rotterdam;OB00291343;;;;51,89326;4,4623
rotterdam-k88080;Rotterdam;K88080;Waalhaven zz - Anthony Fokkerweg;Rotterdam;OB00291341;;;;51,87833;4,4477
rotterdam-k88090;Rotterdam;K88090;Waalhaven zz - Smirnoffweg;Rotterdam;OB00291342;;;;51,87885;4,43632
rotterdam-k13020;Rotterdam;K13020;Weena - Conradstraat;Rotterdam;OB00291493;;;;51,92233;4,46594
rotterdam-k12070;Rotterdam;K12070;Weena - Karel Doormanstraat;Rotterdam;OB00291585;;;;51,92323;4,47304
rotterdam-k13030;Rotterdam;K13030;Weena - Kruispleingarage (Weenatunnel);Rotterdam;OB19005526;;;;51,922927;4,470647
rotterdam-k12080;Rotterdam;K12080;Weena - Lijnbaan;Rotterdam;OB00291495;;;;51,923768;4,47552
rotterdam-k15070;Rotterdam;K15070;Westzeedijk - Erasmus M.C.;Rotterdam;OB00291477;;;;51,909408;4,471205
rotterdam-k24030;Rotterdam;K24030;Westzeedijk - St. Jobsweg;Rotterdam;OB00291351;;;;51,90654;4,46377
rotterdam-k68170;Rotterdam;K68170;Zevenkampsering - Zevenkampseweg;Rotterdam;OB00481359;;;;51,96188;4,56488
rotterdam-k84100;Rotterdam;K84100;Zuiderparkweg - oversteek Ahoy (GOP);Rotterdam;OB22052178;;;;51,88454;4,48708
rotterdam-k97065;Rotterdam;K97065;Tienmorgenseweg;Rozenburg;OB19005535;;;;51,899051;4,254095
rotterdam-k92020;Rotterdam;K92020;Butaanweg - Vondelingenweg;Vondelingenplaat Rotterdam;OB00291450;;;;51,877211;4,378021
rotterdam-k92050;Rotterdam;K92050;Digna Johannaweg - Vondelingenweg;Vondelingenplaat Rotterdam;OB00291555;;;;51,87497;4,34372
rotterdam-k92070;Rotterdam;K92070;Petroleumweg - poort 6/12 Shell;Vondelingenplaat Rotterdam;OB00291519;;;;51,879384;4,356329
schiedam-k102;Schiedam;K102;Rotterdamsedijk - Nieuw Matheneserstraat;Schiedam;OB25004990;;;;51,91449;4,408818
schiedam-k103;Schiedam;K103;Gerrit Verboonstraat- Lange Nieuwstraat;Schiedam;OB25004991;;;;51,913203;4,400435
schiedam-k110;Schiedam;K110;Vlaardingerdijk - Burg. Knappertlaan;Schiedam;OB25004992;;;;51,911059;4,378911
schiedam-k111;Schiedam;K111;Vlaardingerdijk - Karel Doormanweg - Op--afrit A4;Schiedam;OB25004993;;;;51,90949;4,373857
schiedam-k200;Schiedam;K200;Horvathweg - Oost;Schiedam;OB25004994;;;;51,920333;4,414621
schiedam-k201;Schiedam;K201;Horvathweg - Spoorstraat;Schiedam;OB25004995;;;;51,921069;4,410157
schiedam-k202;Schiedam;K202;Plein 1940-1945;Schiedam;OB25004996;;;;51,92294;4,403172
schiedam-k208;Schiedam;K208;Nieuwlandplein;Schiedam;OB25004997;;;;51,921597;4,385437
schiedam-k300;Schiedam;K300;s-Gravelandseweg - Brandweerkazerne;Schiedam;OB25004998;;;;51,923487;4,403721
schiedam-k301;Schiedam;K301;Koemarkt;Schiedam;OB25004999;;;;51,914635;4,402591
schiedam-k305;Schiedam;K305;Broersvest- Boterstraat;Schiedam;OB25005000;;;;51,919053;4,402275
schiedam-k306;Schiedam;K306;s-Gravelandseweg - Burg. Honnerlage Gretelaan;Schiedam;OB25005001;;;;51,921461;4,402651
schiedam-k307;Schiedam;K307;s-Gravelandseweg - Op- en Afrit A20;Schiedam;OB25005002;;;;51,925081;4,404362
schiedam-k308;Schiedam;K308;De Brauweg - 's Gravelandseweg;Schiedam;OB25005003;;;;51,927379;4,404326
schiedam-k405;Schiedam;K405;Nieuwe Damlaan - Schiedamseweg;Schiedam;OB25005004;;;;51,923704;4,381768
schiedam-k406;Schiedam;K406;Nieuwe Damlaan - Hargalaan;Schiedam;OB25005005;;;;51,924978;4,376802
schiedam-k407;Schiedam;K407;Churchillweg - Op- en afrit A20;Schiedam;OB25005006;;;;51,926998;4,376032
schiedam-k408;Schiedam;K408;Churchillweg - Laan van Bol'es;Schiedam;OB25005007;;;;51,929049;4,375743
schiedam-k605;Schiedam;K605;Churchillweg - Zwaluwlaan;Schiedam;OB25005008;;;;51,933963;4,374555
schiedam-k606;Schiedam;K606;Mozartlaan - Vivaldilaan;Schiedam;OB25005009;;;;51,934135;4,371931
schiedam-k608;Schiedam;K608;Mozartlaan - Brederoweg;Schiedam;OB25005010;;;;51,937809;4,369307
schiedam-k701;Schiedam;K701;Noordwerg - Euroscoop;Schiedam;OB25005011;;;;51,924427;4,406483
schiedam-k704;Schiedam;K704;Overschieseweg;Schiedam;OB25005012;;;;51,922668;4,407352
schiedam-k706;Schiedam;K706;De Brauweg - Van Heekstraat;Schiedam;OB25005013;;;;51,928704;4,407958
schiedam-k901;Schiedam;K901;Harreweg;Schiedam;OB25005014;;;;51,944417;4,373807
schiedam-k9201;Schiedam;K9201;Horvathweg - West;Schiedam;OB25005015;;;;51,922095;4,406022
schiedam-twi1;Schiedam;TWI1;Rotterdamsedijk - Van Deventerstraat;Schiedam;OB25004963;;;;51,914161;4,412462
schiedam-twi2;Schiedam;TWI2;Rotterdamsedijk - De Put;Schiedam;OB25004964;;;;51,914781;4,404959
schiedam-twi7;Schiedam;TWI7;Broersvest - Korte Singelstraat;Schiedam;OB25004965;;;;51,915808;4,402452
schiedam-twi8;Schiedam;TWI8;Broersvest - Emmaplein;Schiedam;OB25004966;;;;51,916902;4,402511
schiedam-twi9;Schiedam;TWI9;Broersvest - Lange Kerkstraat;Schiedam;OB25004967;;;;51,918004;4,402402
schiedam-twi10;Schiedam;TWI10;van Haarenlaan - Braakensiekstraat;Schiedam;OB25004968;;;;51,923802;4,400676
schiedam-twi11;Schiedam;TWI11;van Haarenlaan - Joop den Uyllaan;Schiedam;OB25004969;;;;51,924143;4,398345
schiedam-twi12;Schiedam;TWI12;van Haarenlaan - Parkweg;Schiedam;OB25004970;;;;51,92432;4,394947
schiedam-twi13;Schiedam;TWI13;van Haarenlaan - Min. Donkerstraat;Schiedam;OB25004971;;;;51,924282;4,392416
schiedam-twi14;Schiedam;TWI14;van Haarenlaan - Piersonstraat;Schiedam;OB25004972;;;;51,923602;4,390116
schiedam-twi24;Schiedam;TWI24;De Biepad;Schiedam;OB25004974;;;;51,935787;4,374228
schiedam-twi25;Schiedam;TWI25;Boshoek;Schiedam;OB25004975;;;;51,937682;4,373366
schiedam-twi26;Schiedam;TWI26;Bachplein;Schiedam;OB25004976;;;;51,93758;4,370981
schiedam-twi30;Schiedam;TWI30;Faasenplein - Heijermansplein;Schiedam;OB25004977;;;;51,939215;4,369318
schiedam-twi31;Schiedam;TWI31;Faassenplein - Bouwmeesterweg;Schiedam;OB25004978;;;;51,940654;4,368991
schiedam-twi32;Schiedam;TWI32;Scheepvaartweg - Rietveldpad;Schiedam;OB25004979;;;;51,942319;4,368624
schiedam-twi33;Schiedam;TWI33;Scheepvaartweg - Boeier - Tjalk;Schiedam;OB25004980;;;;51,943387;4,368772
schiedam-twi34;Schiedam;TWI34;Scheepvaartweg - Hoogaars;Schiedam;OB25004981;;;;51,943859;4,370447
schiedam-twi35;Schiedam;TWI35;Scheepvaartweg - Hoeker;Schiedam;OB25004982;;;;51,944214;4,371674
schiedam-twi36;Schiedam;TWI36;Scheepvaartweg - Buis;Schiedam;OB25004983;;;;51,944436;4,372925
schiedam-twi37;Schiedam;TWI37;Scheepvaartweg - Harreweg - keerlus;Schiedam;OB25004984;;;;51,944144;4,375209
schiedam-twi39;Schiedam;TWI39;Brederoweg - Lisztplein;Schiedam;OB25004985;;;;51,937478;4,366591
schiedam-twi40;Schiedam;TWI40;Brederoweg - De La Marplein - Zoomweg;Schiedam;OB25004986;;;;51,937444;4,366551
schiedam-twi70;Schiedam;TWI70;Overschiesestraat - Emmastraat;Schiedam;OB25004987;;;;51,919199;4,40418
schiedam-twi71;Schiedam;TWI71;Overschiessestraat;Schiedam;OB25004988;;;;51,919788;4,405598
schiedam-twi72;Schiedam;TWI72;Overschiessestraat - Pr. K. Onnelinglaan;Schiedam;OB25004989;;;;51,921169;4,406809
schiedam-twi2223;Schiedam;TWI2223;Hof van Spaland - Edah;Schiedam;OB25004973;;;;51,934579;4,374763
vlaardingen-k0044;Vlaardingen;K0044;Vulcaanweg+rotonde KW haven NZ-fietsdoorsteek;Vlaardingen;OB00443661;;;;51,907204;4,357974
vlaardingen-k1010;Vlaardingen;K1010;Marathonweg – Rijksweg A20 NZ;Vlaardingen;OB25000373;;;;51,91839;4,33038
vlaardingen-k1011;Vlaardingen;K1011;Marathonweg - Westlandseweg - Rijksweg A20;Vlaardingen;OB00443673;;;;51,917107;4,331218
vlaardingen-k1012;Vlaardingen;K1012;Burg.Heusdenslaan-Westlandseweg-Burg.Pruissingel;Vlaardingen;OB20037185;;;;51,91536;4,338062
vlaardingen-k1014;Vlaardingen;K1014;Gedem.Biersloot-Korte Hoogstr-Veerplein-Cronjestr;Vlaardingen;OB00443654;;;;51,910988;4,341754
vlaardingen-k1015;Vlaardingen;K1015;Marathonweg - Billitonlaan - Floris de Vijfdelaan;Vlaardingen;OB00443674;;;;51,912964;4,327638
vlaardingen-k1016;Vlaardingen;K1016;Marathonweg - Marnixlaan;Vlaardingen;OB24007555;;;;51,908938;4,325069
vlaardingen-k1019;Vlaardingen;K1019;Burg.Pruissingel-vd Driftstraat-Riouwlaan+GOP;Vlaardingen;OB00443658;;;;51,913147;4,335919
vlaardingen-k1020;Vlaardingen;K1020;Burg.Pruissingel - Vondelstraat - Billitonlaan;Vlaardingen;OB00443672;;;;51,911491;4,334795
vlaardingen-k1021;Vlaardingen;K1021;Westhavenkade - Galgkade (Sluisplein);Vlaardingen;OB20036839;;;;51,902718;4,346916
vlaardingen-k4011;Vlaardingen;K4011;Westlandseweg-Delftseveerweg-Emaus-Kortedijk;Vlaardingen;OB00443657;;;;51,915627;4,345745
vlaardingen-k4018;Vlaardingen;K4018;Westlandseweg - Julianasingel - Plein 1940;Vlaardingen;OB00443671;;;;51,912769;4,35318
vlaardingen-k4021;Vlaardingen;K4021;Schiedamsedijk - Rijksweg A4;Vlaardingen;OB00443662;;;;51,908672;4,367808
vlaardingen-k4022;Vlaardingen;K4022;Mr.L.A. Kesperweg - Schiedamsedijk;Vlaardingen;OB00443675;;;;51,908951;4,365796
vlaardingen-k4023;Vlaardingen;K4023;Mr.L.A. Kesperweg - Park Vijfsluizen;Vlaardingen;OB20036840;;;;51,909853;4,363931
vlaardingen-k5011;Vlaardingen;K5011;Burg.Heusdensln-Burg.Verkadesngl -A20- Holysingel;Vlaardingen;OB00443664;;;;51,921604;4,347743
vlaardingen-k5012;Vlaardingen;K5012;Burg.Heusdensln-V Linden vd Heuvelsngl-Lepelaarsng;Vlaardingen;OB00443676;;;;51,922151;4,353238
vlaardingen-k5017;Vlaardingen;K5017;Van Hogendorplaan - Kethelweg;Vlaardingen;OB00443665;;;;51,91993;4,355632
vlaardingen-k6010;Vlaardingen;K6010;Holysingel - Rijksweg A20;Vlaardingen;OB00443666;;;;51,922855;4,346944
vlaardingen-k6012;Vlaardingen;K6012;Holysingel-Dillenburgsingel-Willem de Zwijgerln;Vlaardingen;OB00443677;;;;51,924419;4,345992
vlaardingen-k6013;Vlaardingen;K6013;Holysingel - Frederik Hendriklaan;Vlaardingen;OB00443678;;;;51,927593;4,343999
vlaardingen-k6015;Vlaardingen;K6015;Holysingel - Tramoversteek + VOP;Vlaardingen;OB00443679;;;;51,930992;4,342074
vlaardingen-k6018;Vlaardingen;K6018;Lepelaarsingel - Tramoversteek;Vlaardingen;OB00443667;;;;51,932755;4,349521
vlaardingen-k6020;Vlaardingen;K6020;Parijslaan - Tramoversteek;Vlaardingen;OB00443668;;;;51,934818;4,358257
vlaardingen-k6024;Vlaardingen;K6024;Lepelaarsingel - Zwanensingel - Dillenburgsingel;Vlaardingen;OB00443680;;;;51,925728;4,353798
vlaardingen-k7011;Vlaardingen;K7011;Amsterdamlaan - Lissabonweg - Drevenpark;Vlaardingen;OB00443670;;;;51,935432;4,349372
vlaardingen-k7012;Vlaardingen;K7012;Holyweg;Vlaardingen;OB25000374;;;;51,940531;4,337661
voorne-k001;Voorne aan Zee;K001;Kanaalweg Westzijde - Nijverheidsweg;Hellevoetsluis;OB00443741;;;;51,842775;4,168105
voorne-k002;Voorne aan Zee;K002;Kanaalweg Westzijde - Dag Hammarskjöldlaan;Hellevoetsluis;OB00443742;;;;51,837712;4,156445
voorne-k003;Voorne aan Zee;K003;Kanaalweg Westzijde - De Sprong;Hellevoetsluis;OB00443743;;;;51,834164;4,148229
voorne-k004;Voorne aan Zee;K004;Kanaalweg Westzijde - Braberseweg;Hellevoetsluis;OB22051254;;;;51,846136;4,176147
voorne-k005;Voorne aan Zee;K005;Nelson Mandelalaan - Bonseweg;Hellevoetsluis;;;;;51,850576;4,155092
voorne-k006;Voorne aan Zee;K006;Nelson Mandelalaan - Dorpsweg;Hellevoetsluis;;;;;51,847472;4,147621
voorne-k007;Voorne aan Zee;K007;G.J. van Den Boogerdweg - Johan H. Beenlaan;Brielle;;;;;51,894312;4,163244
voorne-k008;Voorne aan Zee;K008;G.J. van Den Boogerdweg - Reede;Brielle;;;;;51,895249;4,162177
voorne-k009;Voorne aan Zee;K009;De Rik - Riksestraatje;Brielle;;;;;51,896105;4,157292
waterschap-ws301-15;Waterschap;WS301.15;IJsselmondse Randweg - Schaapherderweg;Barendrecht;OB19005546;;;;51,869046;4,552352
waterschap-ws532-10;Waterschap;WS532.10;Hendrik Ydenweg - Afrit A16;Hendrik-Ido-Ambacht;OB19005558;;;;51,835188;4,61591
waterschap-ws301-35;Waterschap;WS301.35;IJsselmondse Randweg - Dierensteinweg;Ridderkerk;OB24010399;;;;51,866138;4,554777
waterschap-ws351-50;Waterschap;WS351.50;Industrieweg - A15 (Buswisselstrook);Ridderkerk;OB19005554;;;;51,864441;4,629621
waterschap-ws351-05;Waterschap;WS351.05;Rijnsingel - Sportlaan (Buswisselstrook);Ridderkerk;OB19005549;;;;51,886247;4,581599
waterschap-ws351-65;Waterschap;WS351.65;Rotterdamseweg - A15;Ridderkerk;OB19005556;;;;51,858902;4,627089
waterschap-ws351-35;Waterschap;WS351.35;Rotterdamseweg - Donkerslootweg;Ridderkerk;OB19005552;;;;51,874643;4,609451
waterschap-ws351-45;Waterschap;WS351.45;Rotterdamseweg - Industrieweg;Ridderkerk;OB19005553;;;;51,873875;4,616918
waterschap-ws351-20;Waterschap;WS351.20;Rotterdamseweg - Populierenlaan;Ridderkerk;OB19005551;;;;51,880498;4,592972
waterschap-ws351-15;Waterschap;WS351.15;Rotterdamseweg - Rijnsingel;Ridderkerk;OB19005550;;;;51,886072;4,580821
waterschap-ws351-55;Waterschap;WS351.55;Rotterdamseweg - Vlietlaan;Ridderkerk;OB19005555;;;;51,864812;4,628935
waterschap-ws309-15;Waterschap;WS309.15;Veren Ambachtsweg - Verbindingsweg;Ridderkerk;OB19005548;;;;51,865236;4,556451
waterschap-ws605-40;Waterschap;WS605.40;Hoekseweg;Strijen;OB19005537;;;;51,770449;4,546677
waterschap-ws526-15;Waterschap;WS526.15;Langeweg - Munnikesteeg;Zwijndrecht;OB19005557;;;;51,83353;4,613828
zuidplas-k1450-vt451450;Zuidplas;K1450/VT451450;Bredeweg;Zuidplas;;;;;;
zuidplas-vt452104;Zuidplas;VT452104;Wethouder Kreftlaan - De Beuk;Zuidplas;;;;;;
zuidplas-k5704-650087;Zuidplas;K5704/650087;Middelweg - Zijspoor;Zuidplas;;;;;;
zuidplas-vt451995-372632;Zuidplas;VT451995/372632;Moerkapelse Z. - Rottedijk;Zuidplas;;;;;;
zuidplas-kh21375;Zuidplas;KH21375;Noordelijke Dwarsweg - A12;Zuidplas;;;;;;
zuidplas-kh16575;Zuidplas;KH16575;Zuidelijke Dwarsweg - N457;Zuidplas;;;;;;
